Ano,Mes,Temperatura_celsius_prom_nacional,Lluvia_mm_prom_nacional,Precio_diesel_automotriz_mxplitro_prom_nacional,Indice_severidad_ponderada_sequia_prom_nacional,Precio_maizblanco_mxpkilo_prom_nacional,INPC_prom_nacional,Produccion_maizblanco_kg_prom_nacional,Precio_prom_CBOT_mxpkilo_maiz_internacional,Tipo_cambio_mxpdolar_prom_nacional,Demanda_maizblanco_kg_prom_nacional,Costo_transporte_maiz_mxpkilo_prom_nac
2000,1,16.6,20.21,5.12,43.12,2.05,43.201,2850400000,0.92,9.48,1625000000,0.22
2000,2,18.3,15.02,5.15,44.28,2.06,43.587,850200000,0.91,9.44,1627000000,0.22
2000,3,21.8,18.95,5.19,46.24,2.09,43.831,410100000,0.89,9.31,1630000000,0.23
2000,4,24.4,27.95,5.22,56.12,2.12,44.081,380600000,0.92,9.38,1628000000,0.23
2000,5,26.7,56.54,5.26,53.83,2.14,44.244,1520100000,1,9.52,1632000000,0.23
2000,6,26.4,176.81,5.29,55.59,2.11,44.401,3890300000,0.99,9.81,1635000000,0.23
2000,7,25,264.17,5.33,44.92,2.15,44.577,2100500000,0.84,9.47,1633000000,0.24
2000,8,25,238.68,5.36,48.71,2.13,44.789,620400000,0.74,9.29,1636000000,0.24
2000,9,24.6,231.39,5.4,37.54,2.12,45.122,510300000,0.78,9.36,1640000000,0.24
2000,10,22.7,122.11,5.43,31.79,2.08,45.432,980200000,0.84,9.51,1638000000,0.24
2000,11,20.3,37.1,5.47,32.98,2.07,45.823,2910800000,0.9,9.62,1642000000,0.24
2000,12,17.2,29.65,5.5,44.81,2.06,46.319,3450600000,0.89,9.45,1645000000,0.25
2001,1,16.4,21.08,5.53,49.69,2.1,46.574,2910200000,0.93,9.75,1650000000,0.25
2001,2,18.1,13.77,5.5,42.73,2.12,46.541,860500000,0.92,9.69,1652000000,0.25
2001,3,22,20.71,5.47,43.97,2.15,46.744,420300000,0.9,9.57,1655000000,0.25
2001,4,24.4,26.32,5.44,59.24,2.18,46.977,390100000,0.83,9.33,1653000000,0.25
2001,5,26.4,56.31,5.41,63.22,2.2,47.085,1540600000,0.8,9.15,1657000000,0.25
2001,6,26.3,197.54,5.38,57.57,2.17,47.199,3920800000,0.8,9.08,1660000000,0.25
2001,7,25,231.5,5.35,39.45,2.21,47.081,2130400000,0.84,9.23,1658000000,0.26
2001,8,25,255.36,5.32,42.65,2.19,47.359,630200000,0.85,9.14,1661000000,0.26
2001,9,24.6,235.33,5.29,31.88,2.18,47.801,520100000,0.85,9.41,1665000000,0.26
2001,10,23,122.25,5.26,33.01,2.14,48.019,990700000,0.82,9.3,1663000000,0.26
2001,11,20.1,34.22,5.23,36.12,2.13,48.232,2950400000,0.82,9.26,1667000000,0.26
2001,12,17.1,29.7,5.2,45.78,2.12,48.514,3490200000,0.83,9.16,1670000000,0.27
2002,1,16.5,18.52,4.7,48.54,2.15,48.961,2950800000,0.84,9.16,1675000000,0.27
2002,2,18,13.76,4.72,47.62,2.17,48.932,880100000,0.82,9.13,1677000000,0.27
2002,3,22.1,20.47,4.74,40.92,2.2,49.182,430400000,0.81,9.04,1680000000,0.27
2002,4,24.4,26.43,4.75,50.78,2.24,49.403,400300000,0.82,9.21,1678000000,0.27
2002,5,26.5,49.66,4.77,54.79,2.26,49.521,1580200000,0.86,9.5,1682000000,0.27
2002,6,26.1,177.8,4.79,52.63,2.23,49.632,3990500000,0.93,9.82,1685000000,0.28
2002,7,25.2,211.49,4.81,43.42,2.27,49.771,2180100000,1.03,9.75,1683000000,0.28
2002,8,24.9,213.78,4.83,45.99,2.25,49.923,650600000,1.15,9.86,1686000000,0.28
2002,9,24.7,230.48,4.85,33.52,2.24,50.219,530400000,1.23,10.12,1690000000,0.28
2002,10,22.8,107.47,4.86,33.65,2.19,50.443,1020300000,1.12,10.15,1688000000,0.28
2002,11,20.2,34.52,4.88,32.96,2.18,50.712,3010900000,1.07,10.22,1692000000,0.29
2002,12,16.8,31.73,4.9,47.18,2.17,50.994,3550700000,1.06,10.21,1695000000,0.29
2003,1,16.4,17.96,4.9,95.86,2.2,51.192,3020400000,1.08,10.42,1700000000,0.29
2003,2,18,13.72,4.92,95.09,2.22,51.332,910300000,1.14,10.96,1702000000,0.29
2003,3,22.1,20.49,4.94,95,2.26,51.523,440700000,1.12,10.9,1705000000,0.3
2003,4,24.2,29.27,4.95,115.86,2.29,51.644,410500000,1.12,10.63,1703000000,0.3
2003,5,26.5,63.54,4.97,118.42,2.32,51.721,1610900000,1.11,10.22,1707000000,0.3
2003,6,26.1,170.43,4.99,116.66,2.28,51.819,4050200000,1.11,10.53,1710000000,0.3
2003,7,25,236.41,5.01,95.71,2.33,51.912,2210800000,1.01,10.43,1708000000,0.3
2003,8,25.1,219.28,5.03,92.97,2.3,52.109,660100000,1.03,10.73,1711000000,0.31
2003,9,24.8,232.44,5.05,70.83,2.29,52.421,550600000,1.07,10.94,1715000000,0.31
2003,10,22.9,111.73,5.06,73.87,2.24,52.664,1040400000,1.1,11.08,1713000000,0.31
2003,11,20.3,38.49,5.08,70.06,2.23,53.111,3080200000,1.17,11.19,1717000000,0.31
2003,12,17,29.73,5.1,94.92,2.22,53.519,3620100000,1.21,11.23,1720000000,0.32
2004,1,16.4,17.22,5.15,44.68,2.26,53.843,3100500000,1.24,10.95,1725000000,0.32
2004,2,18.2,15.39,5.19,44.31,2.28,54.123,930400000,1.34,11.04,1727000000,0.32
2004,3,22,18.6,5.23,43.94,2.31,54.341,450200000,1.45,11.01,1730000000,0.32
2004,4,24.1,28.93,5.27,60.08,2.35,54.432,420900000,1.52,11.33,1732000000,0.32
2004,5,26.4,58.34,5.31,59.04,2.37,54.544,1650400000,1.51,11.51,1735000000,0.32
2004,6,26.1,161.95,5.35,49.19,2.34,54.671,4120700000,1.37,11.41,1738000000,0.33
2004,7,25.1,233.42,5.4,43.23,2.39,54.712,2260300000,1.21,11.44,1736000000,0.33
2004,8,25.1,229.76,5.44,47.29,2.36,55.031,680900000,1.12,11.38,1740000000,0.33
2004,9,24.6,199.18,5.48,30.78,2.35,55.431,560800000,1.09,11.41,1744000000,0.33
2004,10,22.7,116.81,5.52,35.49,2.3,55.772,1070100000,1.02,11.36,1742000000,0.34
2004,11,20.2,35.29,5.56,35.46,2.29,56.123,3150600000,0.99,11.3,1746000000,0.34
2004,12,17,30.07,5.6,46.21,2.28,56.319,3710400000,0.99,11.18,1750000000,0.34
2005,1,16.5,20.76,5.65,93.35,2.4,56.541,3150200000,0.98,11.26,1755000000,0.34
2005,2,18.2,16.02,5.7,93.55,2.41,56.711,940800000,0.97,11.16,1757000000,0.35
2005,3,22,15.85,5.75,92.72,2.44,56.921,460500000,1,11.13,1760000000,0.35
2005,4,24.2,25.88,5.79,119.01,2.47,57.112,430100000,1,11.11,1762000000,0.35
2005,5,26.6,62.3,5.84,117.92,2.48,57.243,1680700000,0.99,10.98,1765000000,0.35
2005,6,26.3,169.21,5.89,120.43,2.45,57.381,4190200000,1.01,10.84,1768000000,0.35
2005,7,25.1,231.15,5.94,98.55,2.47,57.441,2290900000,1.04,10.69,1766000000,0.36
2005,8,25.2,231.14,5.99,94.23,2.46,57.611,690400000,1.01,10.65,1770000000,0.36
2005,9,24.6,233.28,6.04,73.16,2.45,57.912,580200000,0.97,10.79,1774000000,0.36
2005,10,23,115.84,6.08,70.71,2.41,58.113,1090600000,0.96,10.82,1772000000,0.36
2005,11,20.3,37.65,6.13,71.2,2.42,58.344,3210100000,0.93,10.68,1776000000,0.36
2005,12,17,26.75,6.18,90.98,2.42,58.541,3780500000,0.96,10.63,1780000000,0.37
2006,1,16.4,20.18,6.2,95.86,2.5,58.841,3220600000,0.99,10.54,1785000000,0.37
2006,2,18,14.87,6.22,92.89,2.53,59.112,960300000,1.01,10.51,1787000000,0.37
2006,3,22.1,16.83,6.25,94.02,2.58,59.221,470900000,1.04,10.73,1790000000,0.37
2006,4,24.4,28.37,6.27,115.46,2.64,59.341,440500000,1.13,11.02,1792000000,0.37
2006,5,26.3,58.41,6.29,117.6,2.68,59.451,1710200000,1.19,11.18,1795000000,0.37
2006,6,26.2,157.84,6.31,123.25,2.62,59.562,4250800000,1.18,11.39,1798000000,0.38
2006,7,24.9,238.98,6.34,97.66,2.7,59.712,2330400000,1.21,11.03,1796000000,0.38
2006,8,25.1,231.15,6.36,96.32,2.66,60.113,710100000,1.17,10.88,1800000000,0.38
2006,9,24.6,230.44,6.38,72.6,2.64,60.441,590700000,1.22,11.01,1804000000,0.38
2006,10,22.7,118.54,6.4,68.77,2.56,60.672,1120300000,1.47,10.89,1802000000,0.39
2006,11,20.1,38.54,6.43,69.73,2.54,61.001,3280900000,1.68,10.93,1806000000,0.39
2006,12,16.8,29.43,6.45,94.58,2.52,61.223,3850200000,1.77,10.86,1810000000,0.39
2007,1,16.6,20.39,6.48,44.86,3.1,61.441,3290400000,1.93,10.94,1815000000,0.39
2007,2,18.2,13.29,6.43,47.91,3.15,61.631,980100000,2.01,11.01,1817000000,0.4
2007,3,21.8,18.55,6.38,42.26,3.22,61.821,480600000,1.92,11.12,1820000000,0.4
2007,4,24.3,29.68,6.33,62.89,3.3,61.942,450200000,1.77,10.99,1822000000,0.4
2007,5,26.4,58.43,6.28,51.36,3.35,62.012,1750800000,1.74,10.83,1825000000,0.4
2007,6,26,160.78,6.23,54.08,3.28,62.113,4320100000,1.79,10.81,1828000000,0.4
2007,7,25.2,253.77,6.18,44.85,3.38,62.331,2380700000,1.61,10.79,1826000000,0.41
2007,8,24.8,225.41,6.13,46.7,3.34,62.612,720500000,1.61,11.05,1830000000,0.41
2007,9,24.8,220.47,6.08,36.61,3.31,62.941,610300000,1.65,11.02,1834000000,0.41
2007,10,22.8,114.84,6.03,34.67,3.2,63.123,1150900000,1.71,10.82,1832000000,0.41
2007,11,20.1,37.34,5.98,33.45,3.18,63.541,3350400000,1.8,10.87,1836000000,0.42
2007,12,17,29.06,5.93,42.3,3.15,63.812,3920800000,1.95,10.84,1840000000,0.42
2008,1,16.3,19.79,5.93,44.31,3.25,64.123,3360200000,2.15,10.91,1845000000,0.42
2008,2,17.9,15.01,6.08,44.59,3.29,64.331,1010500000,2.32,10.77,1847000000,0.43
2008,3,21.8,20,6.23,44.8,3.36,64.612,490300000,2.45,10.74,1850000000,0.43
2008,4,24.3,28.52,6.38,59.23,3.44,64.811,460100000,2.63,10.52,1852000000,0.43
2008,5,26.7,55.76,6.53,52.03,3.48,64.921,1790400000,2.65,10.44,1855000000,0.43
2008,6,26.2,167.2,6.68,54.88,3.41,65.112,4390900000,3.05,10.33,1858000000,0.44
2008,7,25,264.8,6.83,45.66,3.52,65.413,2420200000,2.78,10.24,1856000000,0.44
2008,8,25.1,206.17,6.98,42.42,3.47,65.811,740800000,2.46,10.22,1860000000,0.44
2008,9,24.8,239.56,7.13,35.31,3.44,66.123,620600000,2.48,10.67,1864000000,0.45
2008,10,22.7,123.94,7.28,33.32,3.33,66.411,1180100000,2.18,12.58,1862000000,0.45
2008,11,20,41.42,7.43,33.45,3.3,66.812,3420700000,2.08,13.06,1866000000,0.46
2008,12,16.9,27.81,7.58,47.91,3.27,67.114,3990500000,2.05,13.23,1870000000,0.46
2009,1,16.6,18.67,7.73,46.56,3.35,67.411,3410900000,2.22,13.91,1872000000,0.47
2009,2,17.9,13.27,7.73,46.56,3.39,67.612,1020400000,2.27,14.62,1874000000,0.47
2009,3,22.1,19.61,7.73,43.33,3.46,67.811,500800000,2.34,14.71,1877000000,0.47
2009,4,24.4,26.28,7.73,57.65,3.55,67.921,470300000,2.21,13.42,1879000000,0.47
2009,5,26.4,58.21,7.73,53.3,3.6,68.011,1820100000,2.31,13.19,1882000000,0.48
2009,6,26.2,195.53,7.73,54.41,3.52,68.123,4450600000,2.33,13.43,1885000000,0.48
2009,7,24.9,234.21,7.73,41.27,3.63,68.311,2460800000,1.96,13.37,1883000000,0.48
2009,8,25.1,200.81,7.73,48.94,3.58,68.541,750200000,1.79,13.01,1886000000,0.48
2009,9,24.8,217.29,7.73,33.68,3.55,68.912,630900000,1.85,13.41,1890000000,0.49
2009,10,22.8,117.69,7.73,33.23,3.43,69.112,1210400000,2.09,13.24,1888000000,0.49
2009,11,20.2,33.91,7.73,33.43,3.4,69.411,3490100000,2.17,13.11,1892000000,0.49
2009,12,17,28.75,7.73,44.02,3.37,69.813,4060300000,2.17,12.85,1895000000,0.49
2010,1,16.2,18.93,7.93,43.27,3.42,70.123,3430200000,2.09,12.8,1898000000,0.5
2010,2,17.9,15.09,8.01,48.28,3.46,70.331,1030100000,2.04,12.96,1900000000,0.5
2010,3,22.1,19.31,8.09,45.9,3.54,70.512,510400000,1.96,12.59,1903000000,0.51
2010,4,24.3,28.14,8.17,50.33,3.63,70.611,480900000,1.85,12.23,1905000000,0.51
2010,5,26.4,58.55,8.25,55.56,3.68,70.712,1840600000,1.98,12.72,1908000000,0.51
2010,6,26.3,156.39,8.33,55.72,3.6,70.823,4490200000,1.87,12.63,1911000000,0.51
2010,7,25.1,232.35,8.41,44.9,4.02,71.011,2490100000,2.08,12.75,1909000000,0.52
2010,8,25.1,221.93,8.49,44.39,4.12,71.311,760500000,2.27,12.82,1912000000,0.52
2010,9,24.7,223.68,8.57,33.92,4.2,71.612,640300000,2.65,12.84,1916000000,0.52
2010,10,22.7,108.39,8.65,32.39,3.95,71.911,1230800000,2.98,12.44,1914000000,0.53
2010,11,20.4,37.37,8.73,33.73,3.8,72.312,3530400000,2.89,12.33,1918000000,0.53
2010,12,17,31.05,8.81,42.42,3.75,72.613,4110900000,3.16,12.38,1921000000,0.54
2011,1,16.5,20.27,8.89,200.21,3.9,73.011,3390500000,3.24,12.13,1924000000,0.54
2011,2,18,14.58,8.97,201.32,3.98,73.212,1010800000,3.46,12.04,1926000000,0.55
2011,3,21.9,21.91,9.05,200.29,4.1,73.411,490200000,3.45,12.01,1929000000,0.55
2011,4,24.3,28.51,9.13,336,4.25,73.512,460700000,3.74,11.73,1931000000,0.55
2011,5,26.6,55.6,9.21,331.3,4.35,73.611,1790100000,3.6,11.69,1934000000,0.56
2011,6,26.3,168.8,9.29,333.45,4.2,73.712,4380400000,3.85,11.82,1937000000,0.56
2011,7,25,215.14,9.37,271.04,4.4,73.913,2420900000,3.43,11.66,1935000000,0.56
2011,8,25.1,244.56,9.45,199.91,4.32,74.211,740300000,3.71,12.22,1938000000,0.57
2011,9,24.6,232.48,9.53,148.82,4.28,74.512,620800000,3.85,13.11,1942000000,0.57
2011,10,22.9,129.73,9.61,149.53,4.12,74.811,1190500000,3.64,13.48,1940000000,0.58
2011,11,20.1,39.04,9.69,151.78,4.05,75.213,3420100000,3.58,13.63,1944000000,0.58
2011,12,16.9,31.02,9.77,199.5,4,75.614,3990600000,3.43,13.71,1947000000,0.59
2012,1,16.4,18.56,9.85,204.18,4.15,76.011,3460800000,3.39,13.41,1950000000,0.59
2012,2,18.1,13.48,9.94,204.1,4.22,76.212,1040200000,3.39,12.89,1952000000,0.6
2012,3,22,19.13,10.03,200.29,4.32,76.411,510900000,3.4,12.72,1955000000,0.6
2012,4,24.3,25.48,10.12,334.92,4.46,76.512,480300000,3.34,13.04,1957000000,0.61
2012,5,26.5,58.41,10.21,331.84,4.55,76.611,1850700000,3.36,13.62,1960000000,0.61
2012,6,26.3,169.23,10.3,331.29,4.4,76.712,4510100000,3.66,13.94,1963000000,0.61
2012,7,25.2,237.38,10.39,269.54,4.6,76.913,2510400000,4.43,13.4,1961000000,0.62
2012,8,25.2,209.48,10.48,199.94,4.52,77.211,770900000,4.5,13.18,1964000000,0.62
2012,9,24.5,240.52,10.57,148.25,4.47,77.512,650200000,4.13,12.98,1968000000,0.63
2012,10,22.8,118.81,10.66,147.48,4.32,77.811,1240600000,4.11,12.91,1966000000,0.63
2012,11,20.3,42.16,10.75,153.39,4.25,78.213,3550300000,4.14,13.08,1970000000,0.64
2012,12,17.2,27.52,10.84,199.69,4.2,78.614,4150800000,3.91,12.87,1973000000,0.64
2013,1,16.3,18.3,10.93,44.51,4.1,79.011,3490200000,3.83,12.71,1976000000,0.65
2013,2,18.1,12.78,11.04,45.86,4.15,79.212,1050600000,3.78,12.69,1978000000,0.65
2013,3,21.7,18.93,11.15,41.23,4.22,79.411,520100000,3.79,12.43,1981000000,0.66
2013,4,24.2,29.09,11.26,53.26,4.32,79.512,490800000,3.34,12.21,1983000000,0.66
2013,5,26.7,59.98,11.37,54.82,4.38,79.611,1880400000,3.44,12.25,1986000000,0.67
2013,6,26.2,160.26,11.48,56.46,4.25,79.712,4550900000,3.62,12.93,1989000000,0.67
2013,7,25.2,250.15,11.59,47.11,4.42,79.913,2540300000,3.04,12.79,1987000000,0.68
2013,8,25,207.87,11.7,47.09,4.35,80.211,780200000,2.62,13,1990000000,0.68
2013,9,24.7,223.48,11.81,31.84,4.31,80.512,660700000,2.57,13.13,1994000000,0.69
2013,10,22.7,121.23,11.92,33.4,4.18,80.811,1260100000,2.43,13.01,1992000000,0.69
2013,11,20.2,40.08,12.03,32.97,4.12,81.213,3600500000,2.34,13.09,1996000000,0.7
2013,12,17,27.03,12.14,47.83,4.08,81.614,4210400000,2.33,13.02,1999000000,0.7
2014,1,16.3,17.96,12.25,46.64,4.02,82.011,3520100000,2.4,13.2,2002000000,0.72
2014,2,18.2,14.34,12.36,43.94,4.06,82.212,1060400000,2.51,13.27,2004000000,0.72
2014,3,21.8,21.36,12.47,41.81,4.12,82.411,530800000,2.67,13.16,2007000000,0.73
2014,4,24.2,25.84,12.58,56.9,4.21,82.512,500200000,2.75,13.06,2009000000,0.73
2014,5,26.5,63.42,12.69,55.01,4.26,82.611,1910600000,2.62,12.93,2012000000,0.74
2014,6,26.1,162.15,12.8,56.53,4.15,82.712,4610300000,2.45,13,2015000000,0.74
2014,7,25.1,232.92,12.91,49.26,4.3,82.913,2580900000,2.17,12.97,2013000000,0.75
2014,8,25,262.63,13.02,45.15,4.24,83.211,790500000,2.05,13.13,2016000000,0.75
2014,9,24.7,224.14,13.13,31.33,4.21,83.512,670100000,1.91,13.22,2020000000,0.76
2014,10,22.9,102.9,13.24,34.78,4.1,83.811,1280400000,1.98,13.46,2018000000,0.76
2014,11,20.1,32.64,13.35,33.02,4.05,84.213,3650200000,2.13,13.62,2022000000,0.77
2014,12,17,28.34,13.46,48.16,4.02,84.614,4260800000,2.4,14.43,2025000000,0.77
2015,1,16.7,19.92,13.77,47.07,3.98,87.11,3580600000,2.39,14.68,2028000000,0.78
2015,2,18.4,13.05,13.77,45.75,4.02,87.275,1080100000,2.38,14.92,2030000000,0.78
2015,3,22.4,18.95,13.77,49.03,4.08,87.63,540300000,2.44,15.21,2033000000,0.78
2015,4,24.6,26.86,13.77,55.55,4.16,87.403,510900000,2.38,15.22,2035000000,0.78
2015,5,26.9,53.23,13.77,56.41,4.2,86.967,1940200000,2.31,15.26,2038000000,0.78
2015,6,26.5,178.01,13.77,57.37,4.11,87.113,4690800000,2.39,15.47,2041000000,0.79
2015,7,25.6,244.64,13.77,48.18,4.26,87.24,2620400000,2.73,15.92,2039000000,0.79
2015,8,25.5,237.2,13.77,43.9,4.2,87.424,810100000,2.56,16.49,2042000000,0.79
2015,9,25,203.34,13.77,34.46,4.17,87.752,680600000,2.71,16.85,2046000000,0.8
2015,10,23.2,115.56,13.77,33.09,4.06,88.203,1310300000,2.69,16.58,2044000000,0.8
2015,11,20.6,37.89,13.77,32.47,4.01,88.685,3720900000,2.57,16.63,2048000000,0.8
2015,12,17.4,27.61,13.77,44.56,3.98,89.046,4340500000,2.67,17.03,2051000000,0.81
2016,1,16.9,18.47,13.77,41.79,4.12,89.386,3650400000,2.75,18.02,2054000000,0.81
2016,2,18.6,15.2,13.77,44.47,4.18,89.777,1100900000,2.8,18.47,2056000000,0.82
2016,3,22.3,19.12,13.77,44.38,4.26,89.91,550400000,2.69,17.69,2059000000,0.82
2016,4,24.7,26.58,13.77,57.04,4.38,89.625,520100000,2.71,17.48,2061000000,0.82
2016,5,26.9,61.27,13.77,57.92,4.45,89.225,1980700000,2.97,18.09,2064000000,0.83
2016,6,26.8,184.97,13.77,55.22,4.32,89.324,4780200000,3.35,18.65,2067000000,0.83
2016,7,25.5,248.68,13.91,43.36,4.52,89.556,2680600000,2.73,18.66,2065000000,0.84
2016,8,25.3,234.58,13.96,47.29,4.44,89.809,820400000,2.59,18.47,2068000000,0.84
2016,9,25.1,218,14.45,35.09,4.4,90.357,700300000,2.7,19.28,2072000000,0.85
2016,10,23.1,117.26,14.63,31.89,4.25,90.906,1340800000,2.75,18.91,2070000000,0.85
2016,11,20.6,41.09,14.63,34.24,4.18,91.616,3800100000,2.95,20.03,2074000000,0.86
2016,12,17.4,28.21,14.63,44.59,4.14,92.039,4430900000,3.01,20.48,2077000000,0.87
2017,1,16.9,20.7,17.05,42.85,4.3,93.603,3660100000,3.21,21.38,2080000000,0.92
2017,2,18.6,15.19,17.03,42.28,4.36,94.144,1110300000,3.14,20.14,2082000000,0.93
2017,3,22.4,17.88,17.02,44.96,4.45,94.722,560200000,2.97,19.43,2085000000,0.94
2017,4,24.6,30.45,16.85,58.76,4.58,94.838,520800000,2.83,18.78,2087000000,0.94
2017,5,27,57.13,16.8,50.9,4.65,94.725,1990400000,2.88,18.56,2090000000,0.95
2017,6,26.5,180.72,16.71,59.54,4.51,94.963,4810900000,2.87,18.15,2093000000,0.95
2017,7,25.5,230.71,16.47,43.96,4.72,95.322,2690100000,2.89,17.85,2091000000,0.96
2017,8,25.4,213.19,16.49,41.14,4.64,95.793,830700000,2.69,17.79,2094000000,0.96
2017,9,25.1,218.83,16.66,31.45,4.6,96.093,710500000,2.63,17.82,2098000000,0.97
2017,10,23.1,114.86,16.9,36.43,4.44,96.698,1350200000,2.73,18.77,2096000000,0.97
2017,11,20.7,37.64,17,31.71,4.37,97.695,3820600000,2.72,18.94,2100000000,0.98
2017,12,17.3,30.41,17.23,45.41,4.33,98.272,4450400000,2.77,19.23,2103000000,0.99
2018,1,16.7,18.24,17.41,43.26,4.45,98.795,3710500000,2.81,19.06,2106000000,1.01
2018,2,18.6,13.91,18.45,44.19,4.51,99.171,1120400000,2.88,18.64,2108000000,1.01
2018,3,22.4,19.87,18.57,45.65,4.6,99.492,560900000,3.02,18.63,2111000000,1.02
2018,4,24.6,26.51,18.64,53.98,4.74,99.154,530300000,3.02,18.36,2113000000,1.02
2018,5,27.1,59.66,18.84,57.27,4.82,98.994,2020100000,3.17,19.55,2116000000,1.03
2018,6,26.6,174.86,19.19,53.43,4.67,99.376,4880600000,3.14,20.41,2119000000,1.03
2018,7,25.7,248.68,19.36,44.62,4.9,99.909,2730400000,2.84,19.05,2117000000,1.04
2018,8,25.4,210.29,19.58,47.58,4.81,100.492,840900000,2.81,18.88,2120000000,1.05
2018,9,25.2,228.94,20.11,34.01,4.77,100.917,720200000,2.79,19.03,2124000000,1.05
2018,10,23.2,113.45,20.6,33.72,4.6,101.44,1370800000,2.97,19.29,2122000000,1.06
2018,11,20.5,40.7,20.86,31.98,4.53,102.303,3890500000,3.13,20.21,2126000000,1.07
2018,12,17.4,32.26,20.82,42.78,4.49,103.02,4520100000,3.19,20.12,2129000000,1.08
2019,1,16.8,19.39,20.84,92.9,4.65,103.108,3730900000,3.04,19.16,2132000000,1.09
2019,2,18.7,14.92,21.08,95.68,4.72,103.079,1130200000,3.05,19.24,2134000000,1.09
2019,3,22.4,20.59,21.46,92.69,4.82,103.476,570600000,3.06,19.38,2137000000,1.09
2019,4,24.7,27.4,21.64,119,4.98,103.531,540100000,2.9,19,2139000000,1.1
2019,5,27,55.42,21.69,111.28,5.06,103.233,2040800000,3.11,19.14,2142000000,1.1
2019,6,26.5,152.67,21.52,118.05,4.9,103.299,4910400000,3.59,19.21,2145000000,1.1
2019,7,25.7,229.76,21.26,93.58,5.15,103.687,2750300000,3.46,19.05,2143000000,1.11
2019,8,25.6,252.04,21.23,91.9,5.05,103.67,850100000,3.22,19.67,2146000000,1.11
2019,9,25,214.81,21.29,72.17,5.01,103.942,730700000,3.03,19.58,2150000000,1.12
2019,10,23.3,113.17,21.35,70.3,4.82,104.503,1390200000,3.14,19.27,2148000000,1.12
2019,11,20.5,40.67,21.4,72.11,4.74,105.346,3920600000,3.08,19.33,2152000000,1.13
2019,12,17.3,30.3,21.44,97.5,4.69,105.934,4560800000,3.13,19.11,2155000000,1.14
2020,1,17,20.23,21.42,47.87,4.92,106.448,3780200000,3.09,18.84,2158000000,1.14
2020,2,18.5,13.69,21.31,44.64,5.04,106.897,1150400000,3.05,18.93,2160000000,1.15
2020,3,22.3,19.51,20.5,42.36,5.18,106.84,580100000,3.42,22.18,2163000000,1.15
2020,4,24.7,29.26,19.02,53.88,5.42,105.753,550700000,3.31,24.23,2165000000,1.13
2020,5,27,60.19,18.45,57.83,5.55,106.16,2060300000,3.17,23.4,2168000000,1.14
2020,6,26.4,186.93,18.87,50.32,5.32,106.743,4980900000,3.11,22.31,2171000000,1.14
2020,7,25.4,245.64,19.3,45.86,5.68,107.443,2790500000,3.13,22.4,2169000000,1.15
2020,8,25.3,233.59,19.54,42.36,5.54,107.965,860200000,3.07,22.21,2172000000,1.16
2020,9,25.1,197.64,19.4,33.65,5.48,108.212,740100000,3.37,21.7,2176000000,1.16
2020,10,23.1,123.42,19.19,34.87,5.22,108.871,1410400000,3.56,21.28,2174000000,1.17
2020,11,20.6,41.76,19.21,33.99,5.12,109.831,3980800000,3.67,20.49,2178000000,1.18
2020,12,17.4,32.76,19.44,43.38,5.05,110.249,4620300000,3.68,20.01,2181000000,1.19
2021,1,16.8,18.81,19.53,46.85,5.5,111.191,3750600000,4.25,19.95,2184000000,1.2
2021,2,18.5,13.41,20.28,45.26,5.75,111.89,1140100000,4.68,20.32,2186000000,1.21
2021,3,22.5,17.87,21.22,44.56,6.1,112.812,570400000,4.8,20.73,2189000000,1.22
2021,4,24.8,28.14,21.41,53.31,6.55,113.821,540900000,5.08,20.08,2191000000,1.23
2021,5,26.9,60.92,21.57,50.92,6.8,114.12,2040200000,5.63,19.94,2194000000,1.24
2021,6,26.4,171.55,21.64,58.17,6.45,114.731,4940700000,5.59,20.13,2197000000,1.25
2021,7,25.6,248.62,21.7,42.76,6.95,115.342,2770100000,5.36,20.01,2195000000,1.26
2021,8,25.3,251.19,21.73,43.5,6.82,115.931,850600000,4.65,20.05,2198000000,1.27
2021,9,24.9,216.87,21.75,35.8,6.73,116.321,730400000,4.42,20.06,2202000000,1.28
2021,10,23.2,122.65,21.86,31.56,6.42,117.112,1390900000,4.65,20.42,2200000000,1.29
2021,11,20.8,39.07,22,35.24,6.25,118.421,3940300000,5.1,20.98,2204000000,1.31
2021,12,17.2,26.61,22.1,41.37,6.15,119.231,4580200000,5.18,20.95,2207000000,1.32
2022,1,16.6,21.2,22.21,46.02,7.35,119.821,3540200000,5.29,20.53,2210000000,1.33
2022,2,18.5,14.46,22.38,45.63,7.6,120.441,1070600000,5.54,20.4,2212000000,1.34
2022,3,22.5,20.76,22.78,48.28,8.02,121.321,540100000,6.36,20.48,2215000000,1.36
2022,4,24.7,27.33,23.14,55.13,8.55,122.112,510300000,6.7,20.08,2217000000,1.37
2022,5,27.1,65.49,23.33,57.81,8.88,122.431,1930800000,6.61,19.98,2220000000,1.38
2022,6,26.7,175.86,23.47,54.07,8.46,123.411,4660400000,6.36,19.96,2223000000,1.39
2022,7,25.4,251.54,23.54,40.83,9.4,124.321,2610900000,5.18,20.43,2221000000,1.4
2022,8,25.4,248.73,23.6,41.75,9.15,125.112,800500000,5.19,20.12,2224000000,1.41
2022,9,25.1,239.5,23.64,36.3,8.98,125.821,690200000,5.64,20.1,2228000000,1.42
2022,10,23.1,115.17,23.75,28.71,8.52,126.541,1320100000,5.74,20.02,2226000000,1.43
2022,11,20.6,37.75,23.82,31.88,8.32,127.421,3720700000,5.43,19.57,2230000000,1.45
2022,12,17.4,29.13,23.8,43.64,8.2,127.891,4330400000,5.36,19.69,2233000000,1.46
2023,1,17.3,20.97,23.82,230.92,8.95,128.441,3790400000,5.39,18.97,2236000000,1.47
2023,2,18.9,14.52,23.85,227.15,9.25,129.112,1150900000,5.29,18.62,2238000000,1.48
2023,3,22.8,14.93,23.9,231.45,9.65,129.821,580300000,4.86,18.31,2241000000,1.49
2023,4,25.2,27.11,23.88,375.19,10.2,130.421,550100000,4.87,18.11,2243000000,1.5
2023,5,27.3,60.8,23.86,375.24,10.65,130.821,2070600000,4.43,17.74,2246000000,1.51
2023,6,27,172.25,24.02,373.77,10.15,131.212,4990200000,4.25,17.23,2249000000,1.52
2023,7,25.8,243.19,24.08,309.66,10.55,131.912,2800400000,3.8,16.88,2247000000,1.53
2023,8,25.7,243.79,24.14,229.5,10.32,132.421,860900000,3.45,16.94,2250000000,1.54
2023,9,25.7,235.48,24.23,172.45,10.18,132.912,740700000,3.4,17.21,2254000000,1.55
2023,10,23.6,120.49,24.26,173.49,9.75,133.421,1420300000,3.58,18.03,2252000000,1.56
2023,11,20.7,33.26,24.31,170.69,9.5,134.112,3990100000,3.39,17.43,2256000000,1.57
2023,12,17.7,29.5,24.35,235.04,9.35,134.821,4630800000,3.36,17.15,2259000000,1.58
2024,1,16.9,20.41,24.41,233.32,9.15,135.421,3130200000,3.27,17.07,2262000000,1.59
2024,2,18.8,14.45,24.51,225.14,9.22,135.821,950400000,3.14,17.08,2264000000,1.6
2024,3,22.7,18.83,24.65,233.5,9.3,136.212,480100000,3.05,16.74,2267000000,1.61
2024,4,25.2,34.47,24.84,373.55,9.45,136.812,450600000,3.07,16.7,2269000000,1.62
2024,5,27.4,60.07,24.98,377.76,9.52,137.112,1710300000,3.17,16.71,2272000000,1.62
2024,6,26.9,168.71,25.13,373.61,9.38,137.421,4120900000,3.35,18.12,2275000000,1.64
2024,7,26,256.4,25.21,308.14,9.58,137.912,2310400000,3.07,17.95,2273000000,1.65
2024,8,25.9,246.75,25.32,228.99,9.5,138.212,710200000,3.08,19.01,2276000000,1.66
2024,9,25.4,207.94,25.41,170.73,9.44,138.612,610100000,3.37,19.45,2280000000,1.67
2024,10,23.5,110.58,25.52,172.18,9.28,139.112,1170500000,3.46,19.67,2278000000,1.68
2024,11,21,34.86,25.61,170.62,9.22,139.612,3300200000,3.62,20.15,2282000000,1.69
2024,12,17.8,29.98,25.71,227.65,9.18,140.112,3830400000,3.6,20.05,2285000000,1.7
2025,1,17.3,19.1,25.92,162,9.3,138.343,3360500000,3.74,20.35,2288000000,1.71
2025,2,18.9,13.88,25.97,155.14,9.38,138.726,1020200000,3.67,20.15,2290000000,1.72
2025,3,22.9,16.92,26.03,157.76,9.48,139.161,510700000,3.62,20.28,2293000000,1.73
2025,4,25.1,29.56,26.06,195.84,9.65,139.62,480300000,3.6,19.95,2295000000,1.74
2025,5,27.1,61.62,26.11,198.19,9.72,139.421,1830600000,3.61,19.72,2298000000,1.74
2025,6,27.1,165.84,26.14,201.08,9.56,139.812,4420100000,3.6,19.85,2301000000,1.75
2025,7,25.9,261.16,26.22,159.54,9.78,140.212,2480900000,3.4,19.6,2299000000,1.76
2025,8,25.8,227.11,26.31,160.15,9.68,140.612,760400000,3.37,19.52,2302000000,1.77
2025,9,25.5,217.25,26.37,118.43,9.61,141.112,650800000,3.38,19.44,2306000000,1.78
2025,10,23.5,126.68,26.54,118.96,9.44,141.512,1250200000,3.43,19.25,2304000000,1.79
2025,11,21,36,26.69,119.46,9.37,142.112,3540700000,3.46,19.38,2308000000,1.8
2025,12,17.8,27.04,26.85,158.4,9.32,143.042,4110300000,3.47,19.3,2311000000,1.82
2026,1,17,19.98,27.22,144.37,9.4,143.588,3420100000,3.57,19.45,2314000000,1.83
2026,2,18.8,13.77,27.29,154.18,9.48,144.307,1040300000,3.56,19.38,2316000000,1.84
2026,3,22.7,17.62,28.36,166.18,9.58,145.544,520900000,3.53,19.22,2319000000,1.86
2026,4,25.1,28.88,27.45,222.01,9.75,145.831,490500000,3.51,18.98,2321000000,1.86
2026,5,27.3,60.63,27.26,236.82,9.82,145.62,1870200000,3.52,18.82,2324000000,1.87
