Año,Mes,AGS,BC,BCS,CAMP,CDMX,CHIH,CHIS,COAH,COL,DGO,EDOMEX,GRO,GTO,HGO,JAL,MICH,MOR,NAY,NL,OAX,PUE,QRO,QROO,SIN,SLP,SON,TAB,TAMP,TLAX,VER,YUC,ZAC,Nacional
2013,1,49.60952381,29.35,2.705882353,117.5133333,2.543283582,17.36052632,53.93846154,15.04814815,52.20555556,2.295348837,4.758695652,4.62,9.810769231,8.521052632,37.95925926,7.488679245,0.126923077,12.86363636,32.78571429,17.47272727,14.96071429,2.573333333,47.75714286,2.709090909,15.52692308,13.17843137,234.5733333,27.8325,1.218181818,33.86666667,39.18421053,33.14791667,22.58892019
2013,2,0,11.30714286,0.094444444,7.9125,1.554411765,1.608571429,16.68863636,1.685714286,0,0.011627907,1.052272727,0,1.187692308,8.573684211,0.834210526,0.150909091,0,0,1.986206897,30.59117647,19.99482759,0.44,47.08571429,0.090909091,10.45,3.196078431,33.08666667,2.390243902,5.46,36.18313253,9.6,0,7.744025735
2013,3,0.265217391,15.44615385,0.383333333,3.466666667,2.198529412,1.242105263,13.60666667,1.407142857,4.222222222,0.002325581,5.825,5.635897436,2.317460317,7.989473684,1.0625,7.851785714,6.9875,0,9.620689655,21.76764706,20.90344828,6.406666667,40,0.023255814,17.86785714,1.126923077,62.71333333,9.673809524,6.29,39.05058824,7.704761905,0.182978723,9.755575703
2013,4,0.027272727,1.686666667,0.026315789,19.90666667,17.94852941,1.057894737,30.20909091,10.14642857,0,0,16.21090909,5.885714286,1.392063492,11.23157895,0.06875,0.594827586,2.964516129,0.7,28.69310345,17.82285714,21.34210526,5.94,5.442857143,0,4.326666667,0.682352941,42.43571429,27.7255814,23.66,20.34235294,35.2047619,0.006382979,11.04211957
2013,5,28.90909091,12.35,0.026315789,112.19375,56.43529412,8.942105263,220.3409091,55.23103448,0.433333333,5.041860465,58.20588235,67.00540541,29.13492063,63.17894737,17.43666667,35.70175439,87.85555556,0.753846154,120.7285714,132.8617647,103.8607143,36.47333333,74.35714286,0,71.85357143,0.362745098,138.0333333,67.12857143,71.93636364,139.7488095,77.16521739,10.56595745,62.33324201
2013,6,82.89047619,29.51428571,0.811764706,238.3133333,121.5176471,47.19714286,331.2431818,78.94827586,82.97777778,24.50238095,108.8701754,168.8522727,92.78870968,94.24736842,103.5709677,109.0480769,168.7060606,149.5153846,52.6962963,232.8487179,220.8854545,80.46,289.8625,21.18863636,118.4,5.768,265.1733333,91.87906977,110.55,277.1083333,192.485,54.22340426,129.2436761
2013,7,219.3590909,32.92,4.316666667,195.975,129.0731343,210.1264706,261.3227273,66.23793103,151.8222222,152.472093,148.0016129,141.8076923,221.9616667,105.2894737,200.1052632,203.6821429,187.9032258,191.3461538,77.19259259,178.3102564,209.2545455,138,176.4125,139.1659574,107.8892857,127.2816327,244.88,81.6097561,166.49,147.1204819,137.905,183.6361702,159.0861731
2013,8,75.23,35.38333333,59.62777778,254.7928571,143.6,89.56176471,313.8744186,15.01034483,198.6875,79.35,118.7315789,155.454,98.89354839,122.4052632,112.4166667,131.2981481,174.24,292.8363636,58.25925926,262.2538462,237.7090909,74.94,208.6125,174.8139535,190.4689655,94.35555556,281.8133333,132.1238095,98.14,279.4301205,178.7944444,81.62391304,153.6049639
2013,9,155.39,14.59285714,66.38888889,195.2733333,201.3358209,93.02,405.3119048,98.44482759,437.4823529,141.5690476,192.655,426.5275,173.0460317,232.5736842,220.9382353,235.8509804,286.2305556,293.2692308,359.6740741,429.0894737,380.5490566,131.02,419.175,276.6119048,339.7068966,73.57377049,253.6928571,408.0488372,207.3818182,431.9843373,246.7,148.5510638,256.4842391
2013,10,37.73809524,30.35333333,50.35,143.74,74.8641791,27.79428571,303.702381,45.48965517,67.48333333,21.54761905,63.80172414,111.3948718,47.81428571,82,45.48571429,63.13653846,85.10555556,28.68461538,28.35925926,149.6125,154.7301887,35.35333333,228.2571429,13.35106383,95.30344828,25.14509804,415.1125,40.33095238,85.67272727,234.317284,162.5619048,51.35319149,93.83755697
2013,11,34.39047619,19.36,4.6,196.9,40.11176471,45.78421053,193.2309524,33.84482759,98.93333333,59.82272727,33.61785714,29.97435897,29.45737705,72.335,41.73448276,20.82545455,57.00588235,87.68181818,57.08148148,88.47297297,132.5509434,37.34,352.5875,76.06222222,105.0821429,18.20196078,454.35,75.70930233,44.72222222,256.10125,112.5578947,37.45319149,83.60815765
2013,12,81.52857143,9.808333333,2.884210526,87.00666667,2.854411765,61.66571429,168.1548387,18.72857143,41.41111111,18.31282051,6.297435897,1.4675,35.26885246,21.98125,69.384,22.59661017,1.086206897,65.76363636,100.73,21.49032258,30.71153846,20.6,215.0375,23.54772727,71.46923077,21.90833333,577.26875,100.9657143,13.69,64.19354839,56.295,74.4212766,51.40998991
2014,1,,,,,0.511267606,,,,,,,,,,,,,,,,,,,,,,,,,,,,0.511267606
2014,2,0.119047619,15.72833333,0.053157895,28.18357143,1.691911765,0.433513514,19.33175,1.995172414,0,0.476904762,2.667894737,0,0.180689655,5.413157895,0.002702703,1.233333333,0.263888889,0.003333333,11.69172414,5.535,8.848545455,0.1,35.925,0,8.014137931,0.32254902,37.24666667,9.559268293,0.1,12.22822785,35.94666667,0.17,5.610927273
2014,3,1.9475,12.08916667,0.026842105,15.98466667,12.36544118,11.01236842,35.34692308,11.21103448,0,4.706744186,9.1115,0.324390244,3.409827586,26.49473684,1.343783784,1.20295082,1.178888889,0.129166667,30.50172414,15.917,45.06842105,6.34,49.8375,5.03744186,29.48666667,0.790392157,89.80625,50.36619048,28.55555556,40.750375,8.013478261,2.626086957,16.19211191
2014,4,0.5035,5.080714286,0.015294118,40.36214286,26.11985294,1.058918919,99.71121951,5.529285714,0,0.002380952,22.25267857,5.863414634,7.419107143,26.19210526,2.089032258,5.337258065,24.14944444,0.67,14.92448276,24.14153846,47.26357143,18.84214286,36.4425,0.000232558,22.10884615,0.0978,175.0647059,14.76795455,28.75555556,23.60109756,26.145,0.222619048,20.08946886
2014,5,57.5375,0.441666667,0.033333333,162.5913333,59.23044118,0.472439024,281.116,43.26071429,74.81111111,6.359285714,93.92862069,127.2413333,67.02553571,107.0663158,52.07484848,91.47301887,132.5608108,12.6875,74.58928571,150.0810526,149.0651667,63.02714286,217.205,0.103777778,81.2464,0.0234,262.5247059,93.77818182,150.43,133.835375,153.8986957,33.37847826,88.39799456
2014,6,117.3330769,0.557142857,0.582352941,231.4169231,120.3327941,41.7855,367.8435,56.32214286,244.2944444,67.39216216,181.6521053,190.1444898,145.6291379,158.1784211,183.2677778,157.2698039,328.964,240.731,64.20758621,289.3075,339.479,196.344,73.9475,83.22976744,228.4848,7.252888889,206.6647059,86.58738095,227.513,262.2510256,81.09363636,125.5052381,167.8802502
2014,7,98.71076923,1.405,62.08421053,126.06,114.5808824,104.722,161.24725,32.58423077,137.4283333,90.21833333,138.705,77.1844186,103.5580357,93.01789474,137.60475,121.3025862,139.4026471,156.79,43.84,159.5069444,178.205,86.97133333,31.8025,206.0304444,158.457037,127.9333333,177.45,65.07208333,166.5155556,160.4385185,104.5971429,81.12162162,121.6877357
2014,8,91.88055556,7.553846154,60.30947368,215.4046154,138.1847059,132.4158333,245.6070732,49.48357143,177.3777778,103.01425,119.1440678,208.6936364,105.041,69.95368421,149.9376923,127.1549153,169.0211765,351.5854545,58.37466667,186.8016667,153.1059677,102.3386667,81.465,212.9754762,82.35153846,128.7648333,194.625,43.61770833,128.934,146.35575,157.5828571,101.5651111,133.8707769
2014,9,80.44631579,17.05,192.3088889,214.5361538,112.2625,124.4577778,484.624359,106.5485714,261.0894444,111.1855,120.6401667,232.6282857,87.25017857,169.3821053,133.7476923,114.6655,286.3791667,237.5209091,272.5755172,317.0028571,248.1703279,95.21,198.98375,175.3197727,308.5984615,104.7487719,418.656875,358.70125,143.9244444,331.8806173,179.5744,103.6797778,198.779991
2014,10,28.8725,7.885833333,16.76352941,163.0930769,117.3877941,7.504102564,291.3595122,19.51153846,106.2616667,14.82575,98.80466667,154.6975,57.96949153,122.5505263,65.57394737,67.145,130.5527778,131.8383333,93.0537931,216.3219444,197.7236923,51.28333333,304.305,16.88466667,146.5176923,8.391746032,462.55625,99.54333333,112.0277778,270.73775,199.1216,40.54139535,115.9614685
2014,11,22.425,,,30.66,10.64418605,14.3,124.6589744,95.17777778,162.4666667,59.45,13.38055556,35.6,18.40833333,33.3,95.425,16.1,11.76666667,,64.20434783,102.752381,45.62363636,7.5,91.82857143,8.4,27.05,,284.99375,48.16363636,8.414285714,102.5471429,37.34347826,27.83333333,61.33946903
2014,12,7.058333333,,,28.87333333,24.94883721,14.5,25.32647059,16.6,18.575,7.075,17.94285714,12.76666667,7.891666667,30.32,6.933333333,10.80909091,20.23333333,,42.19444444,62.02857143,53.26909091,3.4,77.82857143,0.2,45.18333333,,39.24666667,33.29534884,26.68571429,57.67101449,16.32173913,17.55,33.08553114
2015,1,6.281818182,12.6,17.6,69.80666667,0.586363636,30.07419355,99.38723404,20.04210526,0,32.175,1.741666667,0.259375,4.015384615,30.48421053,1.687234043,0.453125,0,1.916666667,30.99565217,71.1875,46.96666667,2.945454545,55.77142857,8.541935484,42.57647059,39.56470588,318.75,34.63571429,8.1875,94.82727273,40.04545455,12.14418605,37.16820276
2015,2,33.19565217,13.5,12.23333333,20.83125,4.622727273,37.53548387,37.89803922,30.14210526,74.40625,51.24285714,12.0212766,1.59375,12.07179487,20.28421053,32.59574468,15.053125,2.093103448,132.2666667,49.2875,15.7,17.21967213,13.39090909,30.42857143,47.76774194,24.41578947,28.09705882,89.6375,19.17045455,3.028571429,25.51168831,36.37727273,53.01590909,28.86644068
2015,3,93.10416667,34.8,49.53333333,83.5,46.02272727,52.29354839,66.71,75.64736842,174.9875,80.75357143,67.10816327,32.596875,122.2179487,122.4684211,143.0531915,127.7096774,54.14482759,79.52222222,108.3173913,85.85416667,105.6590164,108.25,34.11428571,23.50967742,127.2526316,44.88529412,151.85625,79.14666667,84.0625,125.0307692,34.50909091,84.73409091,88.5552306
2015,4,9.2375,3.6,0.4,19.95625,17.34545455,24.13333333,69.87843137,39.25263158,0,13.68214286,22.04693878,0.825,17.02820513,62.41578947,5.521276596,7.659375,8.413793103,0.011111111,94.66956522,96.0125,56.78360656,27.01666667,3.9,12.62258065,58.64736842,19.29411765,87.3625,78.66222222,42.0375,61.21538462,5.490909091,12.8372093,35.12890889
2015,5,35.02916667,10.3,0,35.5375,119.0318182,5.21,126.1137255,110.4263158,10.60625,9.465384615,160.975,101.334375,99.73333333,63.95263158,34.5212766,90.95806452,113.7965517,0.711111111,154.5125,127.2416667,117.6901639,79.45,13.44285714,1.159259259,168.95,0.472727273,39.84375,127.5325581,157.075,65.6443038,17.44545455,26.6,78.64778157
2015,6,173.7875,0,17.26666667,173.95625,81.96818182,78.32,198.1372549,55.11052632,114.71875,120.2535714,133.1938776,133.196875,129.9410256,100.5210526,179.9744681,121.878125,196.2689655,114.6,113.1833333,220.5958333,187.9852459,119.475,343.8142857,79.11935484,164.3684211,58.32352941,277.275,97.28222222,146.1857143,175.3101266,145.6363636,194.7090909,146.6858586
2015,7,143.4708333,0,83.26666667,77.21875,118.2636364,138.1366667,148.222,32.67894737,136.125,122.9925926,161.5204082,125.328125,146.7324324,100.7684211,165.9319149,155.9,157.6689655,210.2666667,12.33333333,330.5545455,158.1819672,113.1166667,22.02857143,228.7333333,109.5368421,152.5058824,86.78125,32.18444444,145.2125,142.8164557,61.37727273,120.2204545,133.9036158
2015,8,93.7625,0,112,215.19375,82.69545455,104.8967742,206.0686275,14.36842105,154.825,66.36071429,123.9040816,142.35625,94.27435897,81.12631579,119.8787234,99.30625,176.0448276,266.4222222,46.58333333,267.4541667,146.7278689,70.26666667,60.54285714,252.483871,97.79473684,116.3970588,189.075,49.24444444,75.4875,153.6848101,158.1727273,75.37045455,128.2838746
2015,9,89.47916667,12.4,117.9666667,161.1,148.8,77.01666667,333.0254902,27.66315789,139.60625,80.96071429,174.3444444,238.240625,120.3384615,126.1368421,128.7723404,119.875,219.5758621,369.2444444,81.64166667,347.7916667,253.8344262,77.90833333,195.3428571,182.9709677,131.0368421,124.9181818,260.24375,110.7133333,185.35,210.7324675,160.1681818,106.8418605,169.8800905
2015,10,119.5875,13.1,77.5,150.8625,21.12727273,45.87741935,292.8607843,76.15263158,368.00625,69.46428571,44.37755102,101.25625,56.76410256,81.14210526,175.3489362,99.325,68.55172414,156.2,107.6291667,223.6083333,131.9016393,47.56666667,397.5714286,98.78709677,114.8842105,33.58823529,388.04375,129.8444444,34.525,266.0797468,112.3727273,99.81136364,136.131019
2015,11,6.1875,27.7,35.46666667,120.975,8.836363636,34.67666667,161.2387755,14.62105263,10.28125,3.135714286,20.87021277,43.253125,4.297435897,65.91764706,13.39787234,7.715625,41.9862069,36.85555556,25.38333333,202.7478261,134.4442623,11.425,275.6285714,24.23548387,84.78421053,26.05,311.30625,35.94888889,15.3625,227.0461538,132.0136364,14.53809524,73.35226757
2015,12,21.92272727,27,0.733333333,65.75714286,8.847619048,6.233333333,161.2219512,2.557894737,22.1125,10.43703704,13.2025641,7.728125,10.13947368,7.64,28.25555556,17.03333333,0.0625,65.32,2.094444444,49.7625,17.48166667,6.366666667,149.16,35.2483871,9.9,5.76969697,308.98125,2.495454545,0.957142857,67.26533333,16.85909091,19.68139535,34.43325213
2016,1,1.2625,,,41.48666667,7.334693878,5.92,82.31607143,27.91,55.2,10.38461538,11.71777778,20.34375,7.777777778,8.44375,8.688235294,12.24482759,27.11282051,0,39.775,15.28095238,27.37166667,2.855555556,86.1,2,17.08947368,45.46666667,140.005,26.81956522,15.5375,49.22465753,23.65,5.115789474,30.70760719
2016,2,14.5375,,,27.97333333,0.589795918,0,53.52758621,3.445,0.54,4.715384615,4.418367347,1.0875,4.707407407,0.4,10.08235294,1.744827586,0.124390244,0,0.8,26.93333333,5.903333333,0.266666667,59.43333333,0,5.589473684,13.5,90.465,1.989130435,0,26.12837838,18.69545455,8.915789474,14.01991814
2016,3,14.1375,,,26.05333333,25.03469388,10.91,40.5754717,68.625,16.24,24.56153846,34.42765957,41.215625,22.92222222,16.0125,15.92941176,24.32413793,45.16341463,40.35,42.81666667,51.98095238,55.57166667,27.11111111,60.58333333,18.825,35.45555556,31.33333333,68.47222222,45.71086957,67.2625,44.91351351,44.84090909,22.6,38.9033195
2016,4,0.7875,,,22.09333333,24.66530612,12.46,43.82692308,36.255,0,4.223076923,24.88367347,10.265625,11.4037037,47.5,0.947058824,5.531034483,36.75609756,0.025,60.4125,43.46666667,54.38709677,19.68888889,47.91666667,0.5,55.93684211,4.666666667,28.09375,59.57173913,45.4,40.09459459,21.45,2.057894737,32.19089655
2016,5,5.825,,,48.1,59.51020408,14.54,134.5111111,48.46,1.49,16.73333333,80.79791667,55.01875,42.87407407,56.41875,18.1,37.13448276,61.17560976,0,99.37916667,48.38095238,61.17096774,57.26666667,18.65,2.25,79.35263158,0,84.09444444,110.1130435,68.1875,48.75945946,44.59545455,24.175,62.53498623
2016,6,65.35,,,240.24,133.2714286,88.32,291.5614035,38.015,88.01,77.85384615,174.0183673,188.471875,100.9740741,154.525,135.0588235,122.6724138,273.2615385,175.2,74.35833333,247.2,232.8290323,119.3111111,219.6333333,91.1,268.7,53.23333333,155.247619,132.6111111,167.1375,206.8810811,160.2181818,85.41,175.0597544
2016,7,151.0875,,,222.0466667,159.8897959,93.33,192.2089286,33.98,142.91,107.8769231,191.9,210.51875,156.8444444,59.31875,179.3176471,142.0344828,248.0902439,335.125,36.9125,343.7095238,205.4822581,125.3333333,51.7,279.625,88.23157895,118.6,140.695,25.9673913,100.075,197.4324324,102.2142857,140.5,160.1815574
2016,8,194.4375,,,187.4733333,141.0306122,256.03,303.6280702,151.1578947,190.02,239.1538462,197.5875,191.615625,233.4555556,143.66875,197.7588235,164.7482759,259.4025,325.55,125.1166667,318.447619,253.1596774,206.5888889,185.1666667,260.075,197.7052632,144.5666667,231.747619,99.64888889,146.8875,280.0479452,162.6227273,142.745,210.7402189
2016,9,51.4875,,,220.08,120.8632653,106.68,323.637931,91.025,170.79,100.1846154,122.8666667,250.628125,67.92592593,148.01875,126.0882353,115.7275862,224.1292683,234.525,107.5458333,454.7857143,251.8225806,45.53333333,97.43333333,151.625,190.8157895,82.16666667,278.8952381,93.18444444,112.675,248.1277778,171.4363636,86.845,184.9845839
2016,10,27.2,,,120.6428571,20.97142857,28.69,185.5037736,12.035,40.61,33.23846154,31.09791667,47.728125,31.94444444,74.2875,36.10588235,41.26206897,42.4097561,47.3,72.73333333,163.747619,134.2774194,17.27777778,136.16,29.25,119.6736842,11,163.7285714,60.17555556,37.95,268.1835616,51.59090909,26.61,92.71691884
2016,11,42.4,,,47.12,58.21020408,11.76,172.1280702,64.06,36,22.32307692,52.78163265,35.35483871,30.02307692,85.06875,47.45294118,42.93928571,45.7195122,22.05,79.20416667,101.4761905,92.33225806,29.94444444,56.16666667,18.05,90.32222222,0,152.965,69.32173913,22.25,134.3611111,26.69090909,30.065,75.31399177
2016,12,0.2,,,49.89333333,3.855102041,27.03,81.28723404,38.56,29.26,19.86666667,6.176470588,0.461290323,0.94,21.76,10.56666667,6.5,1.015384615,82.4,18.78695652,180.4095238,61.64516129,1.466666667,46.43333333,22.125,27.03684211,64.66666667,90.835,20.63111111,1.0125,102.3097222,80.06818182,12.43684211,41.82826087
2017,1,0,,,14.38333333,0,22.375,100.6113636,6.4,,3.6,0.016216216,0,0,5.016666667,0,5.4,0,,16.71304348,17.39473684,8.964814815,0,32.58333333,10.63333333,5.742857143,57.675,96.41578947,7.435,0,32.33289474,16.9952381,0,25.28659341
2017,2,7.4,,,7.9,0,22.075,8.239393939,21.45,,27.3,1.083783784,0,0,5.475,1.9,0.6,0,,9.773913043,25.38947368,16.18113208,0.35,10.86666667,29.7,12.48571429,21.475,45.36875,17.8575,0,38.91756757,0.557142857,5.5,16.24634703
2017,3,14.6,,,4.316666667,24.74411765,8.75,36.9195122,18.725,,15.5,26.44166667,12.66666667,20.3,29.575,3.8,34.13333333,16.55714286,,77.77391304,53.40526316,52.07037037,19.4,34.31666667,5.333333333,46.5,0.575,74.17368421,66.2025,35.3,74.74657534,3.457142857,51.9,45.83325893
2017,4,8.6,,,49.6,21.06470588,1.25,93.43023256,64.2375,,11,23.85945946,7.666666667,11.7,23.83333333,0,8.833333333,23.31428571,,59.41304348,73.07894737,48.12264151,19.25,78.43333333,0,50.74285714,2.5,120.5611111,37.68717949,39.05,42.02837838,53.82857143,2.4,48.65389755
2017,5,9.8,,,49.28333333,71.48823529,0.15,258.1,61.275,,3,77.02162162,129.8333333,32,89.51666667,17.5,87.13333333,109.2142857,,83.93913043,133.9789474,117.3425926,55.6,47.08333333,0,93.35714286,6.175,86.75,67.735,111.475,97.15657895,40.46666667,10.7,100.8220264
2017,6,83.4,,,393.85,125.1764706,24.875,437.9674419,52.625,,52.2,102.8918919,202.6,112.1,73.56666667,114.5,132.6,204.6285714,,58.36086957,389.9578947,201.1851852,86.95,166.5333333,66.26666667,78.23846154,27.35,324.9684211,57.04871795,107.175,205.4907895,245.1142857,13.9,193.800885
2017,7,199,,,185.8,150.6909091,175,252.6674419,26.1125,,180.3,186.8540541,204.3333333,262.7,150.9,310.6,189.7333333,241.2857143,,43.76956522,444.8473684,241.5537037,131.2,51.88333333,197.6333333,254.0307692,153.775,119.7052632,68.92307692,219.075,243.6526316,163.5761905,93.7,193.2957871
2017,8,161.8,,,214.5833333,151.1823529,210.3,259.6477273,48.3875,,189,188.6459459,200.6666667,138.1,106.3,219.3,170.7333333,398.5857143,,46.43478261,298.5578947,281.6796296,108.65,178.4166667,147.7,141.2714286,127.075,200.1263158,73.01,169.525,241.4855263,158.4714286,47.2,194.9938462
2017,9,180.2,,,204.8583333,122.1735294,43.15,411.7047619,201.8,,127.3,161.2378378,322.2,130.7,226.0583333,140.1,133.6,325.8285714,,192.9,643.9315789,417.8166667,153,193.4333333,39.63333333,361.3214286,22.75,336,114.6075,161.625,402.9213333,205.5190476,80.7,289.6506637
2017,10,24.6,,,238.4416667,42.05588235,28.95,307.3,25.075,,29.7,38.81081081,129.6333333,6.5,174.675,58,41.06666667,74.72857143,,107.4086957,411.9421053,240.6759259,14.55,304.0166667,35,256.1785714,15.475,355.3684211,148.565,19.15,348.0855263,156.8571429,41.3,207.0455947
2017,11,12.8,,,21.44166667,9.617647059,0,59.48837209,3.6,,0.1,6.305405405,8.666666667,98,8.258333333,26.5,1,2.6,,8.040909091,44.8,27.48653846,0.35,104.75,0,3.264285714,11.225,107.2421053,13.7875,2.075,49.58,23.64761905,0,30.39533333
2017,12,44,,,36.175,0,50.325,44.78,54.95,,56.5,0.227272727,4.333333333,0,8.163636364,17.2,0.1,1.428571429,,32.25294118,21.86666667,19.89230769,0,59.25,29.33333333,10.67142857,58.875,58.98125,12.43333333,0,44.53648649,30.41904762,23.1,26.80843373
2018,1,27.82040816,12.509375,0.959375,73.98333333,10.83106061,0.252830189,88.65373134,1.034883721,4.565625,2.8125,12.24625,1.716091954,3.164383562,26.50789474,10.75217391,13.92615385,1.258064516,1.668181818,19.78125,35.54074074,63.41866667,0.446153846,77.32380952,0.258461538,21.12083333,0.601470588,304.6192308,20.93283582,4.416666667,106.7779817,41.98333333,29.80547945,30.68704883
2018,2,26.76,14.76923077,7.022222222,18.12222222,7.814285714,22.37358491,15.63398058,7.592592593,2.055,14.65555556,16.69206349,1.464705882,12.75087719,16.77692308,13.16949153,15.19830508,1.208571429,3.088235294,20.22631579,29.87647059,32.71904762,5.7625,22.25384615,12.14615385,21.2125,25.23773585,49.91724138,10.24545455,12.14,42.44421053,4.984,23.8375,18.06752266
2018,3,0.000416667,8.43,0.000526316,12.29105263,13.07736842,3.051666667,56.80267327,4.250689655,0.010526316,0,11.82333333,0.720754717,0.596333333,16.116,0.185757576,0.398135593,2.895238095,0,2.854615385,23.21128571,51.34761905,0.28125,50.49777778,0.042553191,21.86083333,0.297051282,51.01483871,12.06808824,7.397,66.822,6.598275862,0.210425532,17.48347703
2018,4,15.78636364,0.066666667,0,97.28333333,42.28064516,0.644680851,109.6474747,10.2,0,1.654545455,52.83333333,13.62884615,11.54310345,39.468,1.183333333,9.436363636,37.1675,0,68.51777778,83.18163265,102.2109375,9.71875,66.5,0,98.42068966,0.085416667,76.23928571,89.83333333,76.98888889,87.35454545,53.72222222,3.668181818,45.85135952
2018,5,45.90909091,0.035714286,0,35.84210526,57.32571429,4.139583333,133.6184466,15.99642857,12.455,8.958695652,63,49.2509434,45.76166667,22.2,45.74444444,64.1442623,83.56,7.677777778,58.98888889,70.21639344,55.80588235,35.52352941,161.43,0.074468085,70.07586207,0,46.12105263,59.96216216,48.7125,31.41842105,91.51923077,31.95952381,49.88992806
2018,6,227.782,0.001818182,53.20411765,169.5667222,147.2072727,49.84209302,206.6206122,28.94717857,191.0945,79.39217391,199.8727869,250.855098,244.3987931,136.0284,180.3767308,212.6705263,334.6259524,148.9533333,80.38954545,239.0303774,222.79125,185.27625,222.19,81.88446809,104.4868966,47.538375,97.30366667,131.4214085,180.11625,156.9275701,139.0761538,155.4176316,161.8059834
2018,8,84.06363636,4.09375,39.76842105,239.2105263,232.1188406,129.0369565,252.3688889,43.03333333,157.78,75.83829787,219.0983607,223.1363636,155.2272727,81.26363636,171.1964286,181.9754098,253.08,293.1823529,16.3,273.5578947,247.1063492,84.18,57.45714286,220.3021277,101.9857143,123.9126984,160.3782609,31.29577465,123.2888889,205.9220183,133.2037037,97.58571429,166.2990342
2018,9,115.5386667,2.185,120.5731579,213.5205556,138.904,117.6943478,296.7837838,221.4603667,187.1825,182.6532653,162.3683607,189.343125,166.4851786,87.04666667,182.03875,148.1975862,175.2228889,352.5364286,265.2252632,227.7377551,178.5957143,103.7,140.2428571,251.951087,202.1807692,103.6191549,177.7112,236.31,92.40555556,179.6485437,112.0346429,186.2155556,181.6015628
2018,10,88.228,15.08866667,13.35,166.4842105,96.90271429,39.23520833,230.6938667,78.82326667,145.3255,71.75823529,92.97819672,174.5339623,63.95392857,111.2309524,102.759434,101.8627869,126.9166667,154.6778571,50.09513514,322.776875,238.9545161,39.50785714,158.09,41.50454545,155.9014815,60.53216216,166.6836,84.33569444,81.37125,328.9663393,76.2256,59.05695652,133.3826157
2018,11,40.34304348,15.4725,1.677368421,122.1615789,32.95771429,4.002444444,126.8993333,7.2864,109.4394737,9.034814815,57.02327869,49.16145833,47.29267857,52.916,52.1337037,70.38303571,45.73086957,23.13461538,16.98210526,57.3825,101.9727419,37.37214286,68.74875,1.944347826,38.66740741,0.611041667,334.7724,17.49694444,61.7275,85.63541667,57.73192308,28.64636364,54.50084914
2018,12,1.528571429,31.575,19.49714286,22.40526316,6.041029412,39.49414634,53.9625,25.25769231,0.234444444,20.0958,5.989189189,4.176041667,1.094444444,2.528888889,0.956888889,4.123773585,0.222954545,1.781111111,19.83862069,52.57738095,23.51966667,2.24,81.99857143,40.78181818,15.03047619,19.18234043,109.613913,7.35984375,2.22625,62.0975,18.49043478,4.245238095,22.70639474
2019,1,11.83217391,25.49,11.755,22.06052632,5.908970588,18.67772727,40.74295775,5.731481481,2.336315789,5.645882353,4.670666667,1.172340426,2.735454545,13.34380952,8.719272727,7.173333333,0.429111111,0.5825,26.57085714,28.50875,12.75016129,2.085714286,101.2971429,8.102978723,29.77318182,19.13021739,132.2531818,29.56677419,0.565,46.25061224,35.9608,12.00488372,19.30072522
2019,2,0.000714286,67.09461538,0.805238095,12.83166667,6.107681159,20.1976087,42.64176471,2.13,0.0435,0.599423077,5.636440678,0.032608696,0.686111111,8.293157895,0.98755102,1.096481481,0.446666667,0.310769231,3.55027027,8.179148936,19.37761905,0.285714286,92.94833333,0.883111111,11.33047619,18.99671233,98.84045455,8.856212121,8.36625,14.31806122,31.3444,0.49025,12.0848761
2019,3,0.33,14.05388889,2.601904762,37.27947368,6.997794118,9.113636364,48.72173913,11.59466667,0.01,0.57,8.018135593,0.047826087,0.97037037,13.35952381,0.1224,0.910714286,1.554545455,0,55.43243243,14.04425926,19.0104918,0.04,13.90166667,4.64173913,24.0947619,22.07106667,83.74454545,35.42671875,3.5875,33.28386139,15.58923077,1.557209302,16.55105762
2019,4,0.000666667,2.341875,0.01,32.31333333,6.171884058,0.677674419,18.56808824,21.09137931,0,0.049387755,10.18542373,0.254347826,0.407454545,12.9252381,0.145294118,0.568018182,0.361428571,0,2.282702703,10.91065217,10.25883333,3.8,63.35166667,0,1.617142857,0.45472973,19.14166667,5.186545455,14.78125,14.82484211,24.21333333,0.003255814,6.815242424
2019,5,2.123478261,12.24533333,1.110526316,85.69157895,22.40294118,1.346904762,209.4572059,60.48448276,1.879,1.931052632,20.51568966,44.48604651,5.89962963,19.58761905,6.083265306,16.67719298,63.67808511,0.005454545,65.69555556,111.4029545,51.9715,9.838461538,35.62,0.000232558,32.79681818,2.079189189,59.36863636,46.46631579,37.47875,33.24744681,65.03083333,1.975945946,39.52488124
2019,6,49.74095238,0.022777778,0.001578947,257.5194737,122.5286957,23.45674419,277.3041429,72.33794118,66.075,33.56882353,128.2440351,139.4980769,97.19236364,135.9814286,81.36531915,89.50576923,227.5162222,18.63166667,100.5711111,187.0333333,195.0727869,121.1538462,53.40666667,4.222325581,174.9190476,0.2528125,217.2361905,122.1515625,164.8925,170.6057292,168.1482609,51.37589744,118.7681571
2019,7,87.33076923,5.861111111,7.14,170,181.0617647,88.54772727,160.21625,19.3030303,181.805,70.64509804,177.8068966,155.6689655,146.8636364,71.54210526,210.1041667,149.8290909,170.3888889,225.6538462,43.08918919,162.2566667,171.3746032,65.85,25.58,112.4488372,27.57619048,75.1625,92.44347826,36.73492063,149.725,119.678,116.9521739,112.3651163,122.6499225
2019,8,121.3413636,0.763333333,50.76705882,123.7395,101.4727571,98.82306122,229.7936786,14.48142857,134.4457143,66.49830508,130.9737867,197.752,143.5046552,62.073,145.052963,124.0896667,157.0529167,337.5476923,34.21461538,157.9210938,127.9913846,53.68416667,74.75181818,248.0147917,44.78862069,102.9142308,83.51826087,25.49871429,117.884,98.20079208,100.9848,97.32261905,120.0007274
2019,9,54.0052381,7.841176471,101.0505882,189.485,90.52436047,98.81055556,288.0818391,56.278,454.5621053,99.90931034,111.8027949,284.7426786,89.65706897,71.34545455,166.6861111,114.9305263,216.6065957,292.67,234.6971053,205.8534921,167.9962121,74.77857143,89.67636364,150.3628,112.0790625,92.17377358,258.6818182,135.7482667,110.482,186.7839,139.9788,77.39465116,148.4602907
2019,10,34.97421053,0,53.34823529,222.401,103.6179763,42.74111111,299.2569811,22.74742857,157.0352632,26.27458621,117.961039,157.1645455,56.58827586,105.6019048,98.80407407,81.77517241,176.8017021,184.4442857,35.53756757,212.4116129,241.9471875,48.64615385,178.159,24.51666667,150.8558621,19.68366412,439.0095238,78.7330137,59.398,279.8210784,121.1988,45.89571429,125.5646386
2019,11,26.69310345,65.35909091,122.1291667,85.00454545,19.77674419,63.90967742,70.39512195,18.33809524,23.65,60.11323529,28.39594595,40.46842105,8.250819672,18.66190476,38.55901639,29.08965517,18.824,26.98823529,24.8975,54.98474576,54.07647059,7,142.3636364,124.8938776,28.93103448,81.33727811,256.36,25.56,31.19090909,104.1757576,90.725,53.795,54.5522686
2019,12,14.68793103,61.51952381,7.262083333,77.21826087,0.05,13.92615385,80.51955882,3.99627907,2.634857143,9.742424242,0.327358491,0.982978723,6.003333333,10.00789474,4.409666667,3.371403509,0.0084,8.726428571,8.288787879,7.252321429,20.29656716,6.1375,74.42333333,4.741153846,20.12172414,18.81479452,128.2840909,12.69866667,0.272727273,29.64902174,57.51666667,22.08202703,17.7879511
2020,1,36.29166667,4.771428571,2.158333333,21.25909091,10.1,4.995652174,36.19634146,23.73409091,42.67272727,21.73043478,8.931578947,3.968085106,5.158730159,43.26666667,30.90645161,4.696551724,1.895918367,41.72857143,13.8125,40.28833333,54.76521739,15.55714286,49.95384615,12.60754717,66.925,3.513815789,71.21304348,17.31558442,7.607692308,87.18285714,21.10689655,30.16712329,24.13058684
2020,2,30.5585,16.67619048,12.7875,5.758181818,6.489281437,16.48115385,52.44243902,2.567631579,60.16357895,11.06586207,7.26987013,3.120930233,21.59913793,11.589,41.68203704,20.59431034,4.33,42.63866667,5.429230769,20.52508475,24.87779412,10.64,23.51909091,40.93176471,9.74,11.89539683,121.9604167,3.300266667,0.418181818,52.07368932,7.995357143,27.6572093,21.47740659
2020,3,1.590909091,66.72,22.74166667,1.804545455,9.061676647,21.20689655,22.43302752,25.8175,0.613636364,2.311666667,18.82658228,1.7125,10.67068966,8.10952381,1.227868852,10.53333333,8.224,0.035294118,18.78947368,2.91147541,18.77575758,33.06923077,12.27857143,2.009803922,9.092592593,43.25447154,15.02962963,16.396,1.927272727,10.17961165,1.411111111,2.820930233,14.26790353
2020,4,3.228571429,29.9047619,0.420833333,23.09545455,28.74939759,3.564705882,35.34210526,9.973684211,0,1.503508772,34.04605263,8.355319149,6.617241379,55.19047619,1.347272727,4.591525424,4.912244898,0.21875,62.11282051,33.10655738,43.37936508,13.53,6.841666667,1.475510204,54.54137931,0.711403509,24.6,44.15072464,48.58181818,54.77659574,15.02592593,2.826086957,21.88598684
2020,5,16.63590909,1.2444,0.017391304,142.2966667,38.26281437,5.369361702,225.1241,37.26692308,0.840952381,4.977321429,35.44808824,12.14102564,27.77614035,74.18363636,18.32352941,13.89254545,22.4706,7.835714286,92.42473684,68.86136364,91.75060606,25.9,185.6416667,0.893111111,84.92642857,4.640350877,229.7615,127.4421918,58.01,127.6529592,179.1546154,16.63634146,64.87093087
2020,6,57.56818182,0.125,2.404347826,434.86,64.18934911,20.56530612,408.12,21.56052632,45.6952381,34.19473684,78.27826087,135.7509804,107.9345455,84.37619048,70.98387097,90.91636364,150.424,37.35333333,84.93333333,161.9307692,174.83125,80.84166667,226.6090909,2.85,94.72857143,6.856896552,307.0294118,133.2295775,77.49,254.2831579,521.4888889,60.36190476,125.0338787
2020,7,165.3086364,0.0568,7.934545455,149.4966667,126.4263687,99.95938776,206.331039,57.49825,203.7505,154.093913,153.3034211,159.1905769,116.5774545,89.57043478,187.5660714,145.2184906,205.6860417,330.9814286,254.7514706,189.4519298,137.1598485,140.275,61.15181818,160.425,82.8388,70.05673469,87.05,129.4455556,157.0916667,116.7731313,117.485,170.542,140.4156915
2020,8,73.67681818,0.632272727,48.96782609,167.3877778,126.3126404,31.0048,337.3632051,7.191052632,356.499,37.52065217,162.4906849,284.29125,123.3583929,111.5386957,199.6446429,163.4269643,188.3867308,412.3128571,20.65606061,268.672069,252.9983077,81.66428571,108.687,112.9676,107.6579167,55.65816327,288.1710526,65.06092308,124.8572727,241.7022093,133.6919231,62.04659091,154.5991127
2020,9,77.61782623,0,24.70636349,243.2794116,113.3695265,54.89489796,372.1403994,72.96657884,188.4194445,125.0815559,106.310864,198.037447,70.39509435,164.4954546,138.3703508,116.8320758,270.887391,271.9042867,142.464375,276.9637499,296.3068747,49.00249955,112.4690907,98.51934765,136.8624004,17.71063827,436.2173677,111.0507934,142.8309092,286.0463917,158.9196152,72.35121955,161.1044996
2020,11,0,6.236190476,0.557272727,64.00333333,1.192290503,1.635,264.0207463,4.102,0.2325,0.05547619,1.561111111,4.723529412,0.503207547,28.17631579,0.027307692,1.938545455,4.476969697,0,6.007741935,64.48888889,59.42953846,0.4,380.5588889,1.852391304,38.35238095,1.871111111,570.084375,11.40369231,0.2,168.546,78.1464,0.00047619,44.61159645
2020,12,9.55,8.495652174,3.045454545,47.67777778,0.680116959,10.79090909,62.448,18.18787879,2.805263158,2.430952381,3.736538462,2.20952381,2.018181818,7.747058824,8.885416667,1.165454545,0.015384615,16.125,6.543478261,10.66730769,18.00625,3.58,96.475,10.64285714,1.976190476,14.89333333,181.31875,4.884848485,0.381818182,59.31910112,28.96,9.708571429,16.23061551
2021,1,7.171428571,35.335,9.354545455,38.95,4.75748503,22.52173913,64.57076923,5.46875,1.74,2.10952381,3.810294118,1.519512195,4.635294118,17.595,1.091489362,0.711111111,6.329411765,0.214285714,11.41034483,32.69491525,45.50769231,1.5,94.775,11.21086957,15.53809524,34.04090909,159.7375,17.1952381,9.227272727,119.1921348,35.87083333,1.84,25.4153668
2021,2,0,1.733333333,0.115,19.65,1.329113924,9.719148936,18.3984127,7.880645161,0,0.120833333,0.83625,0.0025,0.19245283,6.780952381,0.251923077,0.073214286,0.055882353,0.038461538,6.173333333,10.74655172,13.63333333,0,36.64,0.518181818,7.476190476,1.191836735,66.00588235,12.58507463,0.309090909,35.65909091,61.276,0,8.667598187
2021,3,0,23.39238095,0.0105,20.97222222,1.939681529,0.554222222,53.3421875,0.179285714,0,0,9.955308642,1.114634146,0.094339623,13.41666667,0.003846154,1.308363636,8.659393939,0.019230769,10.11,6.808214286,31.05272727,1.4,42.54142857,0.004761905,7.944285714,2.001489362,83.0875,11.51691176,3.018181818,28.61680851,15.5352,0,11.08234671
2021,4,2.06,1.804761905,0.085,13.55555556,15.91483871,3.081818182,39.76290323,14.48518519,0,2.606818182,22.98518519,0.580487805,3.654716981,43.06,0.778846154,3.657407407,1.181818182,0,23.43333333,20.23090909,41.4171875,11.02,15,0.812195122,27.94761905,0.310869565,28.17142857,17.9234375,29.72727273,46.17282609,44.41818182,2.1375,16.76700389
2021,5,23.48181818,0.076190476,0.02,148.4176471,83.48169935,4.547826087,239.3622951,50.75555556,1.085,7.916666667,79.16410256,67.54722222,58.48846154,78.92380952,16.62291667,27.63090909,87.6969697,0.130769231,74.88666667,144.5690909,147.8276923,90.51666667,42.13333333,0,57.47368421,0.004347826,208.2,109.1655738,105.5636364,140.8824176,126.2090909,20.0547619,78.77676609
2021,6,123.4795455,0.000526316,31.076,217.885,159.1114379,81.95521739,333.5216667,43.47222222,376.4984211,73.82071429,173.254875,287.926,139.7233962,190.6042857,189.4418367,163.35,243.0112903,231.1838462,112.334,382.4873214,264.3481538,120.7916667,258.252,59.34069767,153.5147368,31.75304348,276.41875,118.9065079,147.9918182,310.7582609,224.645,111.6538095,182.7686646
2021,7,176.9104348,6.551578947,9.012,145.7794444,127.6706731,118.8129545,193.7345763,74.70384615,139.5352941,135.0517073,166.4446154,154.9917143,146.67,84.154,215.6785417,160.6534884,128.8171875,269.8369231,121.4975862,169.9347059,161.3635484,67.568,79.116,122.1870732,116.9233333,112.4823256,121.2294118,159.8665517,105.9736364,166.8074157,114.5086957,171.6286364,144.614697
2021,8,103.1043478,3.773684211,56.48421053,151.1388889,144.012,106.0761905,318.125,52.88888889,337.8666667,111.4581395,164.3176471,305.9428571,173.1730769,221.4,204.9229167,201.9878049,235.1482759,442.8461538,52.025,298.9041667,265.1467742,163.48,133.76,307.2512195,150.4736842,116.9095238,113.60625,59.51833333,139.8727273,261.3724138,158.9909091,134.2205128,185.3334483
2021,9,195.90625,2.135,104.2888889,222.4941176,158.5898305,46.9173913,319.3949367,28.26333333,225.7,66.65208333,200.4410959,207.8461538,202.0925926,188.8,188.3851064,142.5891304,281.5672727,321.3,69.93333333,280.9642857,266.5537313,225.3333333,164.6375,97.01111111,113.3458333,69.58444444,328.5,108.7609375,168.7272727,234.9860215,173.3875,150.1348837,179.3212121
2021,10,36.97083333,8.825,24.02222222,132.8,60.65603448,8.727659574,239.9844156,14.26,77.89444444,51.23333333,55.42027027,115.7435897,45.59259259,70.28,55.20625,78.81162791,60.94038462,79.19285714,61.54137931,106.5241935,145.3820896,55.925,119.3444444,44.60227273,92.54583333,1.33125,299.88,93.05322581,71.38181818,227.751087,70.65217391,39.05555556,89.41001541
2021,11,0.233333333,0.3605,3.051111111,45.65,1.415677966,13.46652174,68.99708333,21.058,1.560555556,2.44,3.3475,1.707073171,1.999814815,34.2152381,1.016222222,0.977659574,5.135636364,0.803571429,39.60035714,33.92983871,75.38567164,3.92625,189.1355556,1.926,26.59333333,6.449574468,145.4,51.5,8.273636364,122.5145833,38.44208333,1.404444444,29.37320307
2021,12,1.086666667,44.945,12.82777778,53.52352941,0.194495413,22.57380952,35.73703704,5.420689655,0.129411765,5.963043478,0.516326531,0.335897436,2.829166667,2.447058824,1.045238095,1.684444444,0.098148148,0.0125,16.84782609,7,8.451612903,0.1375,53.06666667,22.80681818,7.863636364,34.18043478,95.83333333,12.25932203,0.3,28.43789474,32.8875,2.138636364,13.49873524
2022,1,1.0575,4.8065,0.173333333,62.31588235,5.120707071,0.210454545,92.09166667,4.327,0.858421053,0.190217391,10.03333333,4.203658537,0.501346154,16.63333333,0.96,2.347608696,6.829272727,3.19375,18.22357143,25.00190476,42.35692308,0.675,110.9966667,0.374883721,16.68125,0.491086957,225.6333333,19.03683333,19.983,77.91849462,37.93375,0.496444444,23.07704473
2022,2,0.336,16.536,0.130434783,49.01176471,2.337,4.126923077,112.7120482,3.277142857,0.489473684,1.366666667,4.640789474,0.455319149,1.571153846,14.50526316,0.692,2.722641509,1.436065574,0.053846154,12.04,12.88153846,24.71343284,3.233333333,86.33076923,1.888372093,21.97037037,1.914,234.5482759,16.03676471,6.8,41.26153846,63.36923077,0.632608696,22.29985591
2022,3,0,20.3,0.069565217,59.31764706,6.971875,0.251923077,35.81463415,0.051515152,0.031578947,0,7.738961039,0.386666667,0.038461538,3.615,0.004081633,0.837254902,3.186885246,0.371428571,0.036666667,7.342857143,12.44776119,0.083333333,33.50833333,0.337209302,3.188888889,0.82,68.97857143,1.136764706,6.76,18.825,33.87692308,0,9.37489019
2022,4,21.99583333,1.48,0,75,52.478125,1.448076923,78.36966292,16.99411765,0.336842105,4.954,41.88933333,11.6025,8.276470588,28.71111111,2.080434783,6.936538462,20.72698413,0,32.81176471,28.80655738,50.65223881,9.2,48.93076923,0,48.38571429,0.336,69.74230769,49.53521127,35.86363636,32.4368932,49.40769231,6.983333333,29.27565789
2022,5,6.96,0.0008,0.01,151.7988235,23.60260417,0.333076923,168.9814607,34.50264706,0.891111111,2.6508,33.44413333,50.33642857,5.286078431,16.26631579,9.526666667,10.01442308,22.13241935,0.458461538,24.38575758,106.9407576,36.17030303,3.358571429,114.7161538,0.00025641,12.71962963,0.004081633,120.717037,35.95802817,39.61727273,39.55941748,60.9384,4.31,38.93815712
2022,6,38.68125,0.033333333,7.883333333,195.9777778,106.0919643,75.684,339.9351064,8.481818182,144.7210526,50.30588235,127.3379747,229.0375,50.172,98.44285714,124.0333333,146.1584906,140.0677419,160.1285714,62.31891892,235.8287879,203.0820896,30.44166667,144.825,57.07727273,138.5958333,60.06458333,277.4172414,50.69722222,51.42727273,294.2842593,132.7555556,57.73409091,141.7928873
2022,8,124.46,6.3,67.08888889,220.3611111,124.8567308,213.0477273,270.0216,124.8827586,192.9421053,180.9833333,138.8443038,197.2581395,189.1244898,57.86842105,215.8518519,147.084,202.9754098,322.6,94.53666667,220.5642857,174.5984615,70,154.6583333,261.7790698,88.98571429,213.2288889,146.3516129,55.93,115.96,161.7733333,189.7,151.1571429,170.0334783
2022,9,50.11875,28.73913043,201.4888889,217.6,84.07019231,70.1547619,421.802381,62.42758621,239.0684211,101.2957447,101.7142857,305.144898,69.28163265,149.6631579,91.958,96.36666667,204.7,225.4928571,189.562963,352.0786885,271.0746269,53.36,167.0909091,134.8255814,292.1190476,61.86,488.421875,168.79,70.55,375.104717,148.704,71.43333333,200.753784
2022,10,51.0575,4.311363636,1.781111111,146.385,67.53205882,37.37238095,187.8755,37.45444444,147.73,38.41413043,61.3932,95.05844444,36.65714286,53.47222222,67.6024,42.88058824,60.65737705,180.225,40.24107143,132.4372131,125.5836923,59.4,69.97916667,9.156976744,41.12181818,8.156521739,324.553,47.56047619,42.885,176.4614286,66.9152,37.13767442,87.82353982
2022,11,5.492727273,14.09590909,0.394705882,118.1811111,15.44584158,0.703846154,156.2307018,9.244444444,0.646,0.376136364,21.39774648,6.81375,7.983469388,32.44111111,3.378222222,8.550588235,4.580333333,0.062142857,32.62037037,53.9804,54.17230769,17.23333333,135.4125,0,69.44047619,0.414,327.8612903,50.196875,13.217,96.32019608,73.23416667,5.177073171,46.68526955
2022,12,0.197,26.31190476,0.992941176,73.84722222,11.88787234,7.061764706,84.22333333,1.294761905,0,0.0204,7.5952,1.589583333,5.127346939,13.51875,1.681627907,2.244901961,1.459180328,0.041666667,3.988421053,27.79132075,25.45951613,4.7,116.3741667,0.159047619,18.80636364,10.37177778,189.6,7.015967742,15.87888889,66.511,52.64291667,0.014358974,26.56170352
2023,1,0.010434783,66.7265,9.2445,42.97388889,0.554893617,7.626585366,80.74889908,2.986428571,0,0.2152,0.447878788,0.005882353,0.703265306,6.872222222,0.185,0.573137255,0.066666667,0.077,3.169230769,10.16885246,23.14779412,2.5,91.14846154,6.61952381,9.1536,14.86411765,133.1431034,3.2759375,0.1275,24.45282258,59.29,0.310714286,18.31661786
2023,2,0,30.5345,2.1845,41.33055556,0.162446809,11.21205128,107.5384685,0.378461538,0,0.9125,0.923880597,0,0.079591837,5.597894737,0,0.157142857,0,0.019230769,1.312916667,4.601147541,11.76666667,0.154545455,22.60363636,2.043333333,13.362,20.5046,219.362069,2.513870968,0,25.35525,22.49590909,0,20.22628765
2023,3,0.088125,55.1325,0.406,41.07764706,26.74182796,21.92179487,37.9275,16.125,0,0.639,22.58546875,0.741666667,4.186530612,26.44210526,0.2626,5.603061224,2.897142857,0,27.90961538,20.68607143,33.32384615,1.073636364,57.58909091,0.093555556,22.6176,6.215192308,114.2607143,28.64209677,18.1275,61.08774194,35.37772727,0.011111111,23.57042537
2023,5,11.42875,1.145789474,0.377368421,58.3075,41.72054348,16.75482759,86.41398148,57.17875,0.33,14.7215625,53.5484127,33.78225,17.472,88.736,2.849183673,17.0938,47.92166667,1.615454545,103.1138462,60.66269231,59.37074627,31.98090909,112.2466667,0.002941176,108.63875,2.002173913,40.4826087,105.8390769,97.56125,51.23078431,41.19130435,8.99,45.94552033
2023,6,4.808571429,0.38,0.532,83.57875,35.00932584,12.1537037,217.3772289,13.23,64.136,9.032903226,26.30531915,88.98064516,19.49638298,16.995,47.13736842,26.96837838,29.84543478,35.82909091,20.00055556,86.6625,54.23123077,9.17,101.2766667,1.123235294,15.10608696,4.468269231,121.6528571,33.40625,66.31875,81.04702128,54.13333333,9.934722222,52.1065932
2023,7,76.76266667,2.278,9.073727273,155.6314118,121.4357013,37.9515625,239.9440659,38.235,156.6454118,76.5907381,170.3843231,174.8909091,100.2603019,62.31714286,165.2789796,124.6734211,187.3678723,210.4673333,42.79,183.2407059,173.2388088,96.54372727,106.879,141.6331795,51.9644,54.50931818,192.0652174,23.22566667,109.44125,213.5663778,120.2778261,88.18571429,131.5190943
2023,8,71.04761905,34.29222222,89.20736364,219.498,114.1439595,52.366,231.7016667,48.6752,136.5257778,48.95442308,146.2165574,222.1295455,157.8056604,103.1110526,158.0371698,144.6930233,155.772619,289.9872727,21.9365,254.3605714,234.260623,106.3210909,146.038,152.5689796,59.06347826,67.57972222,175.6055556,42.85570588,127.5,220.2137473,163.6231579,78.58447368,147.3020808
2023,9,10.63333333,3.6,19.43181818,177.8117647,57.09350649,27.225,253.1448718,14.924,100.1444444,37.81935484,45.89672131,132.7659091,36.63703704,17.23333333,97.88541667,79.75581395,89.98478261,213.3,43.44090909,97.11666667,87.66153846,26.31818182,154.4,55.46938776,18.76956522,13.41333333,184.7277778,39.68846154,77.875,127.4712766,141.1166667,30.54827586,83.29487402
2023,10,62.84,0.702222222,143.8681905,114.6796667,37.14962963,23.6346875,313.7234118,61.77428571,323.7518889,73.16941176,72.50784615,248.09425,44.18688889,88.98272727,112.0965455,112.94,112.5320833,183.5246154,104.9642857,117.4676038,166.292381,66.04092308,126.838,182.700625,102.2958333,16.44693878,257.25,93.47083333,66.4,192.775549,66.54842105,75.30060606,125.3220711
2023,11,55.6415,14.066,3.540315789,143.6352941,30.38827536,11.39703704,133.0379167,41.23740741,11.50166667,41.86944444,62.7008,43.1795122,26.74222222,46.22631579,15.48916667,22.98709677,69.8796,15.87,117.8305,67.23404444,80.56883333,20.96272727,202.1230909,6.56,57.69727273,0.850638298,389.5882353,77.63612245,34.875,110.6062857,77.93666667,54.13545455,63.38639481
2023,12,44.30347826,13.05705882,0.472952381,63.34155556,6.064921053,2.3592,95.05951613,14.2604,6.790555556,5.125454545,12.43615385,4.525641026,40.20748,37.34555556,39.39820513,31.76037037,2.389565217,2.768888889,13.459375,66.64131579,65.73111111,24.03666667,132.976,0.446888889,52.68,9.903829787,170.4763158,27.15613636,16.625,103.7978105,70.58944444,27.36068966,39.98033045
2024,1,0.184782609,37.74941176,0.646190476,39.74529412,0.812857143,9.607407407,40.90697368,9.242307692,0.305882353,1.178235294,2.16530303,0.464285714,0.697222222,10.75,0.840612245,0.379772727,2.339375,0,7.1075,28.23272727,23.97402985,2.456923077,95.458,0.4024,10.22391304,19.88408163,84.11666667,8.9494,10,80.59981818,49.6545,0.346666667,19.45765196
2024,2,32.76769231,52.28933333,1.13447619,16.162,14.72101124,8.158333333,13.98066667,17.54964286,18.66833333,32.9075,16.02355932,8.324390244,13.87648,13.52857143,25.00096226,16.15075,12.00693878,27.024,29.18809524,12.62435556,16.09268657,8.127272727,35.79911111,7.900652174,13.13409091,17.94916667,33.69117647,21.13777778,17.925,20.3199633,12.585,32.87121212,17.74628732
2024,3,0,66.974,1.806857143,6.570625,0.091975309,2.638076923,9.481466667,7.479285714,0.266666667,0.046,0.079454545,0.004651163,0.000196078,6.714210526,0,0.0025,0,0.001666667,21.33272727,13.63066667,17.80560606,0.127272727,6.360888889,0.912608696,7.8675,12.21782609,11.715625,15.35235294,0.2875,20.90811881,16.303,0.0015625,7.707690685
2024,4,0,6.809583333,0.153333333,3.997647059,10.32430233,1.094482759,38.57009901,10.67814815,0.010526316,0.000555556,13.26433333,0.355555556,0.123018868,12.6952381,0,0.650217391,0.703333333,0.078461538,22.14071429,27.70090909,30.84428571,3.857692308,28.91363636,0.171875,19.08043478,4.5274,8.340909091,10.67672727,22.7125,23.79640351,12.43636364,0.170810811,12.3955381
2024,5,4.020714286,1.076956522,0.005,12.96764706,37.17641975,0.000344828,64.45185567,17.79275862,0,3.139722222,30.24129032,9.089333333,9.1164,13.06428571,7.369464286,8.388444444,27.3223913,0,51.79259259,21.28792453,22.87630769,15.79923077,0.075833333,0,3.685909091,0,49.73333333,28.36690909,66.9,4.861545455,1.331578947,3.118387097,19.03759289
2024,6,110.2828571,0.059090909,5.0245,451.218125,119.8022892,27.16733333,410.9554545,52.99222222,56.07222222,44.004,129.5098438,123.308913,120.8830612,220.7604545,99.42714286,84.48727273,180.7391304,166.9975,388.6915625,269.1074138,283.3898507,112.1215385,492.285,24.815625,263.9582609,20.6738,285.33125,340.9958182,139.6666667,373.5148182,392.437619,79.24945946,199.066786
2024,7,196.6758333,1.475333333,2.263529412,134.650625,153.8080488,97.30545455,271.7784783,54.99136364,240.2417647,158.8496667,214.1131034,220.376,211.5944186,214.7536842,250.3847917,220.94675,295.8224444,256.389,119.1276471,315.0519565,303.0123438,162.0845455,169.0245455,123.8915217,390.3738095,90.862,172.2764706,148.4747917,173.2625,291.0519355,135.2490476,155.3251515,207.5716952
2024,8,77.73769231,2.82,19.23263158,208.30625,263.277875,60.34304348,252.0158889,23.91916667,221.4435294,57.44516129,228.6377966,191.6202128,113.4830612,82.42631579,189.4384746,195.7752632,248.44,248.6853846,34.225,226.727234,208.0459091,53.07181818,120.6577778,161.9685714,44.23571429,82.01195122,211.5636364,60.6672,130.075,193.657766,182.8768182,66.09151515,166.0396021
2024,9,129.7471429,0.014736842,47.70809524,175.3182353,179.106506,35.0762963,357.8147778,86.21208333,291.6083333,82.96967742,190.4598413,462.0014286,124.1269565,147.4715789,147.1166071,228.1205556,306.2532609,183.1071429,142.4141667,297.5702174,230.4565152,106.1509091,226.6146154,91.58183673,89.913,12.44680851,248.8173913,179.52,156.4125,230.4805102,202.3490909,100.4245714,192.2868278
2024,10,14.216875,0.063636364,0.272352941,175.972,41.98903614,2.598787879,233.3047191,1.7264,49.62611111,4.1246875,38.44873016,85.3726087,4.665686275,53.8405,31.24101695,23.10025641,75.7504,53.493,70.68185185,220.0637931,161.6895313,4.0475,362.9356923,13.11795918,45.45904762,1.799375,338.2375,63.19176471,67.41111111,325.6801481,240.7273913,10.84111111,103.6086575
2024,11,0,3.2,0.144444444,61.66470588,19.56233766,3.595833333,89.87439024,7.469565217,1.335294118,0.491176471,18.32790698,7.557777778,1.1,35.61578947,4.332,6.5925,5.435416667,6.414285714,5.222727273,29.65102041,46.1703125,1.463636364,142.51,0.659574468,8.065,1.93255814,83.1,8.525,17.2,42.79708738,54.57727273,0.4,23.94652406
2024,12,1.738461538,0.2625,0.058823529,10.5875,3.217105263,0.047619048,46.45416667,4.94,0.429411765,7.387096774,2.5875,1.332432432,2.257446809,27.21764706,1.11,5.312820513,0.073469388,0.344444444,28.57647059,13.26382979,37.18870968,0.7,104.65,0.025531915,52.55555556,0.130232558,129.3166667,29.59591837,9,63.54526316,18.26818182,6.774193548,20.18971154
2025,1,10.47692308,10.36428571,0.066666667,27.525,11.32405063,9.880952381,67.30759494,4.32173913,6.894444444,9.764864865,18.27962963,41.33043478,3.35625,15.96111111,4.843137255,10.52666667,25.0745098,11.8,15.2173913,23.05172414,27.57377049,1.536363636,112.6333333,7.175510204,18.75714286,1.517777778,114.7157895,18.74375,10.5,64.65729167,24.51304348,11.32666667,25.1272807
2025,2,0,12.92105263,0,68.70555556,12.1382716,0.065625,66.54939759,2.368181818,0,0.034285714,22.35238095,3.782222222,6.903846154,25.505,0.8,4.202325581,7.33877551,0.04,5.592307692,12.18833333,41.18115942,8.458333333,54.23636364,0,6.695652174,0,108.4227273,5.09245283,36.8,52.18333333,39.55416667,0,20.71988636
2025,3,0.001428571,47.44,0.467647059,6.7575,10.88763158,0.476129032,28.86,6.145909091,0,0.054390244,5.09755102,0.065217391,0.206078431,6.087368421,0.010625,0.096682927,0.268510638,0,17.67944444,3.680701754,9.783333333,0.093636364,11.77618182,0,1.28,2.082916667,25.84444444,75.02377358,10.825,13.06070175,11.31608696,0.06375,10.55549528
2025,4,0.046111111,7.83125,0.277777778,8.338125,2.270365854,1.94125,57.00026316,4.912,0,0.229142857,6.777741935,0.876086957,0.019807692,5.279473684,0.000217391,0.177727273,4.709772727,0,3.17826087,10.70648148,13.45735294,0.137272727,21.06416667,0,1.888181818,0.001041667,21.57058824,6.048113208,24.2625,15.32426357,15.715,0.568333333,8.95909166
2025,5,27.85086957,3.906428571,3.155,18.603125,68.20349398,5.408333333,166.807125,51.10571429,33.19176471,13.04852941,94.34015873,67.39229167,64.79080769,108.4355,29.7596,48.68608696,164.1633333,16.7245,95.65952381,127.4394828,154.7422388,107.3390909,48.40742857,0.439555556,75.89130435,0.493095238,60.77894737,75.09,146.625,105.6863876,41.685,23.4427907,77.02220195
2025,7,137.196,0.084210526,20.82733333,140.2611765,156.2063095,107.5647368,167.7317073,80.56045455,153.2825,138.175,145.0033333,161.1585455,114.681377,134.3854545,144.0989286,157.1686957,140.9913462,231.3354286,37.85208333,163.4936364,172.8630303,110.4751667,43.11228571,191.38625,164.295,83.88454545,86.72142857,72.57055556,99.90125,149.0451786,85.26583333,127.138,134.3067005
2025,8,140.549375,10.86666667,49.07125,194.269375,197.6285714,83.00636364,274.4225316,23.54166667,215.845,102.6039474,174.6067692,212.5884286,147.5383404,106.4015,176.0932264,159.623617,239.1724074,310.5464286,58.59,194.3759649,214.5079412,123.2009091,70.76777778,180.8540816,85.66208333,99.51866667,174.397619,49.69178571,120.775,165.5064602,150.1,127.6389111,161.0618967
2025,9,108.2285,13.68388889,175.3102703,163.305,215.6734524,94.23724138,370.4915584,41.06166667,189.0917647,130.42575,174.7072464,218.3649091,115.6249778,172.6685714,183.7409091,143.6802326,302.9212,405.8489333,158.2559259,251.6194828,255.6304688,129.86,142.908,175.002766,199.5086364,128.4737778,248.4738095,157.3351786,153.7375,230.0043818,195.1421739,143.8739024,197.2416232
2025,10,12.57619048,6.995,30.57222222,126.6277778,78.83563218,24.93823529,291.0475,3.3875,97.6,14.41842105,64.40289855,132.7210526,21.43617021,166.7809524,32.26271186,33.65,112.5730769,69.72857143,63.75172414,183.2920635,246.8171875,39.36666667,174.6916667,43.32916667,150.2904762,63.69183673,192.7210526,92.13508772,71.6125,252.1482143,122.8434783,13.5195122,113.0316654
2025,11,0,44.62222222,0.941176471,52.71875,1.718947368,4.615,52.98701299,6.595833333,1.715,0.445,2.121917808,4.142857143,0.547826087,39.69,0.284210526,0.368085106,0.676363636,0.75,24.69310345,48.38360656,78.98709677,1.628571429,108.0416667,0.2,28.66363636,10.84509804,109.2352941,15.22758621,0.427272727,98.24954128,42.9173913,0.176923077,25.7076087
2025,12,9.260454545,24.05736842,21.81944444,64.59823529,9.032421053,2.379032258,109.5558065,2.242272727,16.2615,7.656666667,6.920727273,2.040909091,14.595625,30.88333333,16.0327907,7.053404255,5.126071429,2.774444444,11.5964,56.54170213,75.8604918,13.02875,114.2854545,4.42826087,42.31285714,2.8974,255.3888889,36.12553571,19.79090909,151.7189908,41.45428571,8.19725,40.31535833
2026,1,4.984615385,17.15789474,17.20555556,33.87058824,6.155913978,24.26,54.676,8.242307692,23.12105263,28.14390244,9.967142857,6.383928571,11.454,10.9047619,10.22758621,15.86938776,0.582608696,3.24,6.614814815,17.23015873,20.08769231,7.064285714,35.75333333,33.18372093,5.713636364,40.69622642,171.4833333,3.564912281,6.209090909,55.74414414,13.96666667,14.93513514,23.01987431
2026,2,0.032105263,25.275,0.487777778,4.234117647,1.1065625,15.06428571,17.07973684,0.03,0.0377,5.207659574,1.204868421,3.748912281,0.275877551,6.678095238,1.050740741,0.426382979,2.385384615,0.359833333,0.001923077,8.197903226,25.30758065,3.844285714,11.292,2.519347826,1.867826087,4.676037736,31.36315789,0.63754386,0.363636364,27.54078505,9.724782609,0.815,7.711110772
2026,3,8.478571429,2.116666667,1.201111111,60.44470588,31.66145833,5.584871795,74.51447368,6.624782609,2.3955,3.046808511,30.10481928,11.50403509,5.5526,31.01272727,9.136190476,5.148823529,23.28,5.064285714,3.88037037,31.78033898,48.93246154,13.64571429,65.123125,2.219574468,7.97,10.10607143,187.0055556,7.24877193,37.52727273,52.20929825,66.6684,6.971777778,26.54646889
2026,4,11.17071429,3.544761905,0.001111111,38.34,38.46364583,4.435128205,67.7,51.10608696,0.8314,7.691489362,45.86795181,17.90035088,35.15722449,35.0875,8.140576923,18.8306383,31.36777778,0,86.6348,30.49072727,73.05859375,28.00230769,46.8456,0,24.84095238,2.421886792,41.2875,89.13648148,63.32,58.02498077,35.28833333,11.67619048,35.39023457
,Total general,46.03553927,14.16041076,22.51306182,106.2103713,56.85573392,35.33938453,163.6200115,31.27205492,78.73175664,37.04760599,68.04420429,84.50187845,52.24868873,62.99313241,64.43970532,58.12847358,84.90613815,97.96137919,59.70843219,117.499153,112.4033647,46.53013654,109.7421066,53.68492031,76.16857308,32.0870096,174.3325767,60.69341785,63.03942393,127.7805706,85.47623692,46.13386546,78.17453861
