Año,Mes,Aguascalientes,Baja California,Baja California Sur,Campeche,CDMX,Chiapas,Chihuahua,Coahuila,Colima,Durango,Edo México,Guadalajara,Guanajuato,Guerrero,Hidalgo,Michoacán,Morelos,Nayarit,Nuevo León,Oaxaca,Pachuca,Puebla,Querétaro,San Luis Potosí,Sinaloa,Sonora,Tabasco,Tamaulipas,Veracruz,Yucatán,Zacatecas,Nacional
2017,abr,16.6,,16.43,16.09,16.84,16.28,16.78666667,16.4725,16.59,16.655,16.735,17.06,16.55666667,16.38,16.27,16.5925,16.36,16.78,16.815,16.45333333,16.23,16.215,16.47,16.32,16.5075,,16.02,16.13,15.95875,15.835,16.57,16.40507463
2017,may,16.54548387,,16.3783871,16.0383871,16.78580645,16.22580645,16.73333333,16.41830645,16.53580645,16.60080645,16.68064516,17.00580645,16.50247312,16.32580645,16.21548387,16.53959677,16.30580645,16.7283871,16.76064516,16.39913978,16.17580645,16.1633871,16.41580645,16.26580645,16.45330645,,15.96548387,16.07574194,15.90483871,15.7833871,16.51580645,16.35127106
2017,jun,16.41333333,,16.25333333,15.91333333,16.64688889,16.0885,16.68568966,16.30972222,16.40333333,16.4635,16.5435,16.87333333,16.36777778,16.19333333,16.08633333,16.41083333,16.17333333,16.60333333,16.70071429,16.26444444,16.04333333,16.03833333,16.28333333,16.13177778,16.31675,,15.83333333,15.91754902,15.772125,15.65833333,16.38333333,16.21356757
2017,jul,16.3116129,,16.1516129,15.8116129,16.54494624,15.9866129,16.6816129,16.1016129,16.3016129,16.3616129,16.4416129,16.7716129,16.26827957,16.0916129,15.9916129,16.3091129,16.0716129,16.5016129,,16.16494624,15.9416129,15.9366129,16.1816129,16.0316129,16.2166129,,15.7316129,15.6666129,15.6703629,15.5566129,16.2816129,16.09617431
2017,ago,16.3916129,,16.22645161,15.88645161,16.62322581,16.0666129,16.7616129,16.1816129,16.3816129,16.4416129,16.51903226,16.8516129,16.34655914,16.1716129,16.06645161,16.38653226,16.1516129,16.57645161,,16.24322581,16.0216129,16.01145161,16.2616129,16.1116129,16.29532258,,15.80645161,15.74403226,15.74907258,15.63145161,16.3616129,16.17445388
2017,sep,16.64214286,,16.47214286,16.13214286,16.8725,16.31821429,17.01214286,16.43214286,16.63214286,16.69267857,16.76767857,17.10214286,16.59583333,16.42267857,16.31214286,16.63464286,16.40267857,16.82214286,,16.49214286,16.27214286,16.25714286,16.51214286,16.36214286,16.54517857,,16.05214286,15.99214286,15.99892857,15.87714286,16.61214286,16.42363409
2017,oct,16.73,,16.55866667,16.22,16.96645161,16.415,17.108,16.52935484,16.72935484,16.78833333,16.86467742,17.19935484,16.68978495,16.51967742,16.40935484,16.72717742,16.50435484,16.91,,16.58623656,16.36935484,16.345,16.60935484,16.45935484,16.64,,16.14935484,16.08935484,16.09709677,15.965,16.70935484,16.51781818
2017,nov,16.82933333,16.92,16.77,16.31933333,17.066,16.51433333,17.14,16.65,16.82933333,17.01,16.9615,17.29933333,16.78922222,16.61933333,16.504,16.82666667,16.60433333,17.00933333,17.165,16.686,16.46966667,16.4445,16.70966667,16.55944444,16.62727273,16.99333333,16.249,16.20920635,16.19683333,16.06433333,16.80933333,16.59072084
2017,dic,16.90903226,16.96096774,16.82322581,16.39903226,17.14569892,16.59403226,17.17870968,16.84959677,16.91580645,17.05322581,17.03903226,17.37903226,16.87129032,16.70241935,16.57903226,16.90822581,16.68741935,17.08903226,17.20483871,16.77021505,16.55580645,16.53080645,16.79580645,16.64129032,16.88637097,17.02870968,16.32903226,16.49954839,16.28076613,16.14741935,16.88903226,16.77341681
2018,ene,17.48709677,17.32387097,17.17903226,16.89387097,17.64258065,17.05919355,17.63924731,17.30846774,17.36193548,17.51129032,17.54677419,17.84419355,17.36935484,17.1933871,16.9583871,17.39451613,17.22032258,17.59354839,17.54177419,17.24806452,17.08290323,17.04048387,17.29258065,17.21387097,17.28862903,17.46973118,16.77645161,17.00354839,16.76971774,16.56241935,17.47548387,17.24431664
2018,feb,17.99285714,17.75452381,17.54928571,17.29,18.17607143,17.43607143,18.0325,17.75401786,17.81107143,17.95732143,18.06,18.42928571,17.82202381,17.62392857,17.34,17.86705357,17.66071429,18.05142857,17.92785714,17.69642857,17.52071429,17.51142857,17.7125,17.72369048,17.72607143,17.92142857,17.16071429,17.47821429,17.20513393,16.92428571,17.9825,17.69221805
2018,mar,18.10354839,17.87795699,17.65354839,17.39354839,18.29021505,17.54241935,18.10795699,17.86419355,17.93129032,18.075,18.17354839,18.55354839,17.93075269,17.72854839,17.44354839,17.98596774,17.76354839,18.17645161,18.03854839,17.80354839,17.62354839,17.62145161,17.81354839,17.83354839,17.85008065,18.04139785,17.26354839,17.58787097,17.31334677,17.02854839,18.09516129,17.8029202
2018,abr,18.132,17.91866667,17.682,17.422,18.342,17.582,18.06422222,17.902,17.972,18.112,18.21366667,18.60533333,17.962,17.757,17.472,18.0245,17.792,18.222,18.09033333,17.83977778,17.652,17.662,17.842,17.862,17.892,18.07,17.292,17.618,17.35075,17.057,18.132,17.83570175
2018,may,18.29354839,18.08021505,17.84354839,17.58354839,18.62924731,17.74354839,18.16731183,18.06354839,18.13354839,18.27354839,18.43806452,18.89258065,18.12354839,17.91854839,17.63354839,18.18604839,17.95354839,18.38354839,18.37758065,18.04322581,17.81354839,17.82354839,18.00354839,18.02354839,18.05354839,18.22026882,17.45354839,17.77954839,17.51229839,17.21854839,18.29354839,18.00728353
2018,jun,18.539,18.32988889,18.089,17.832,18.93722222,17.9915,18.40433333,18.31183333,18.384,18.523,18.7145,19.19633333,18.37122222,18.1655,17.87766667,18.433,18.2005,18.632,18.68633333,18.31077778,18.062,18.07366667,18.254,18.27322222,18.30283333,18.46338889,17.699,18.02993333,17.759625,17.47266667,18.539,18.26101316
2018,jul,19.01322581,18.65494624,18.39935484,18.27612903,19.13107527,18.42709677,18.71860215,18.67104839,18.87096774,18.90209677,19.0233871,19.3516129,18.85311828,18.61806452,18.28709677,18.86201613,18.65290323,19.11129032,18.81919355,18.63924731,18.50645161,18.5583871,18.71645161,18.67311828,18.64741935,18.82822581,18.14774194,18.41090323,18.1816129,17.91758065,19.02935484,18.64152801
2018,ago,19.53903226,19.0688172,18.87935484,18.83709677,19.36860215,18.95887097,19.03354839,19.15556452,19.33645161,19.35580645,19.42435484,19.61096774,19.39172043,19.15935484,18.86032258,19.34459677,19.20096774,19.56,19.04774194,19.06268817,19.0683871,19.11129032,19.26451613,19.17634409,19.08201613,19.28419355,18.69870968,18.934,18.72729839,18.51016129,19.55903226,19.11287351
2018,sep,19.707,19.22077778,19.031,18.991,19.58888889,19.12066667,19.12366667,19.39683333,19.49633333,19.6275,19.63366667,19.86333333,19.56433333,19.32383333,19.03066667,19.50858333,19.3665,19.72866667,19.29083333,19.24477778,19.23333333,19.27333333,19.431,19.44133333,19.23225,19.42583333,18.85233333,19.18846667,18.88270833,18.572,19.72733333,19.29170614
2018,oct,19.92806452,19.36677419,19.21451613,19.17258065,19.8283871,19.31629032,19.41032258,19.60403226,19.64935484,19.82983871,19.83370968,20.04903226,19.7788172,19.52370968,19.21903226,19.67620968,19.57629032,19.8883871,19.51306452,19.45333333,19.43903226,19.48080645,19.64354839,19.66612903,19.37685484,19.62752688,19.03903226,19.40922581,19.0708871,18.61193548,19.94612903,19.48786927
2018,nov,19.69933333,19.13255556,18.98666667,18.94466667,19.75766667,19.08733333,19.37055556,19.37458333,19.417,19.59983333,19.68183333,19.97433333,19.552,19.29666667,18.98933333,19.44583333,19.34916667,19.65533333,19.28666667,19.27866667,19.20933333,19.25233333,19.41666667,19.43866667,19.14533333,19.471,18.80933333,19.188,18.84183333,18.35316667,19.71933333,19.28407018
2018,dic,19.03064516,18.46623656,18.28806452,18.2416129,19.02430108,18.38919355,18.76397849,18.6966129,18.75967742,18.94,18.99193548,19.2816129,18.87612903,18.60935484,18.28870968,18.78508065,18.66564516,19.00903226,18.59935484,18.56634409,18.51516129,18.56225806,18.73548387,18.75655914,18.47766129,18.82602151,18.1016129,18.4936129,18.13608871,17.6266129,19.0516129,18.60240662
2019,ene,17.92548387,17.42,17.27032258,17.16,17.91516129,17.2983871,17.66430108,17.60870968,17.69387097,17.82596774,17.90258065,18.19354839,17.77612903,17.5133871,17.19741935,17.71120968,17.57048387,17.87806452,17.50225806,17.46967742,17.42032258,17.46967742,17.63516129,17.65731183,17.38822581,17.76865591,17.01483871,17.39141935,17.04677419,16.545,17.94580645,17.51412988
2019,feb,17.93821429,17.56297619,17.51035714,17.22464286,17.96488095,17.34892857,17.68928571,17.65901786,17.79714286,17.80214286,17.97142857,18.28107143,17.7977381,17.55321429,17.25464286,17.79223214,17.60178571,17.81464286,17.53839286,17.52142857,17.46678571,17.50785714,17.6675,17.68738095,17.423125,17.88416667,17.08,17.41714286,17.1109375,16.64089286,17.95785714,17.5706438
2019,mar,19.18129032,19.09473118,19.24,18.61064516,19.21870968,18.8233871,19.11397849,18.9475,19.06064516,19.22709677,19.27983871,19.51709677,19.14376344,18.93016129,18.63322581,19.06798387,18.99387097,19.38,19.04193548,18.91795699,18.86709677,18.83741935,19.08225806,18.91129032,19.54177419,19.56612903,18.53903226,18.66458065,18.46201613,18.07241935,19.17903226,18.99406197
2019,abr,19.262,19.55744444,19.47233333,18.73266667,19.62544444,18.97233333,19.43355556,19.10858333,19.42166667,19.3605,19.53916667,19.917,19.25377778,19.05383333,18.753,19.24925,19.118,19.778,19.411,19.15511111,18.994,18.94316667,19.21266667,18.98633333,20.16483333,20.09272222,18.693,18.78333333,18.575875,18.20916667,19.253,19.23564912
2019,may,19.36290323,19.72086022,19.57548387,18.83387097,19.67139785,19.07306452,19.54763441,19.21548387,19.54225806,19.46306452,19.61532258,19.96225806,19.35580645,19.15741935,18.85387097,19.35814516,19.21903226,19.89645161,19.52983871,19.2383871,19.09580645,19.04467742,19.31387097,19.08741935,20.27612903,20.22043011,18.79548387,18.88812903,18.67758065,18.31129032,19.35451613,19.34028438
2019,jun,19.37666667,19.72755556,19.578,18.84566667,19.588,19.08733333,19.49977778,19.18033333,19.54066667,19.414,19.58066667,19.87866667,19.373,19.16833333,18.86966667,19.37016667,19.23383333,19.914,19.47516667,19.21555556,19.113,19.06066667,19.32833333,19.04011111,20.2715,20.22466667,18.80133333,18.83933333,18.69070833,18.32533333,19.37,19.32890789
2019,jul,19.43,19.77967742,19.63,18.9,19.57666667,19.14,19.47,19.16887097,19.59193548,19.385,19.60096774,19.87,19.4283871,19.22258065,18.92322581,19.42379032,19.28758065,19.97,19.445,19.24666667,19.16516129,19.11258065,19.38,19.00849462,20.32596774,20.28096774,18.85322581,18.80870968,18.74415323,18.38,19.42516129,19.3575382
2019,ago,19.48903226,19.83946237,19.68903226,18.95451613,19.6311828,19.19677419,19.49354839,19.22508065,19.65193548,19.44177419,19.65822581,19.92451613,19.48451613,19.27822581,18.97903226,19.48112903,19.34548387,20.02451613,19.50177419,19.30419355,19.22193548,19.17048387,19.43903226,19.06526882,20.385,20.33973118,18.90903226,18.8643871,18.79931452,18.43322581,19.48193548,19.4130348
2019,sep,19.49333333,19.70766667,19.69333333,18.96166667,19.632,19.20166667,19.20533333,19.19916667,19.52533333,19.4475,19.6625,19.93166667,19.49166667,19.2825,18.98166667,19.46658333,19.34783333,19.961,19.50666667,19.30722222,19.22333333,19.1725,19.44333333,19.06666667,20.24916667,20.248,18.91166667,18.86733333,18.80333333,18.4375,19.48333333,19.37986404
2019,oct,19.39064516,18.86354839,19.51096774,18.70677419,18.92935484,18.98709677,18.95365591,19.03298387,18.68741935,19.50903226,19.545,19.99580645,19.42322581,19.15887097,18.70064516,19.04330645,18.81919355,19.12193548,18.69774194,18.98204301,18.92129032,18.9366129,19.28032258,19.13172043,19.41508065,19.6194086,18.64354839,18.90322581,18.6083871,18.21580645,19.38096774,19.05256367
2019,nov,18.939,18.88366667,19.09033333,18.36266667,19.20144444,18.63316667,18.988,18.7535,18.711,19.11566667,19.3605,19.967,18.94066667,18.701,18.377,18.77483333,18.60316667,19.151,18.73533333,18.776,18.619,18.60033333,18.87266667,18.75077778,19.43766667,19.50888889,18.30833333,18.4968,18.21141667,17.83566667,18.93266667,18.81861404
2019,dic,18.82290323,18.7927957,19.02032258,18.26064516,19.33354839,18.51741935,19.02225806,18.5766129,18.61064516,18.9683871,19.23548387,19.80032258,18.83053763,18.63645161,18.26225806,18.67354839,18.6016129,19.05064516,18.74387097,18.80322581,18.50354839,18.50016129,18.7583871,18.53182796,19.33717742,19.41827957,18.2583871,18.31858065,18.13052419,17.82870968,18.81741935,18.73247878
2020,ene,19.42354839,19.38774194,19.62548387,18.84935484,19.48107527,19.11806452,19.41150538,19.12330645,19.19225806,19.58741935,19.47467742,19.70695652,19.42795699,19.23580645,18.86290323,19.25064516,19.24096774,19.63225806,19.15193548,19.26892473,18.96483871,19.08935484,19.35903226,19.07892473,19.81524194,19.73376344,18.88806452,18.91922581,18.73552419,18.45774194,19.41806452,19.24560523
2020,feb,18.98793103,19.18114943,18.69689655,18.41241379,18.47574713,18.68189655,18.58149425,18.60068966,18.72793103,19.15051724,18.66431034,18.67551724,18.98965517,18.78517241,18.64413793,18.79318966,18.80172414,19.16793103,18.45844828,18.63908046,18.36655172,18.64896552,18.92103448,18.58563218,19.52551724,19.30977011,18.45068966,18.41931034,18.29280172,18.03327586,18.98068966,18.73362741
2020,mar,17.76612903,17.88516129,17.37032258,17.19,17.2511828,17.46370968,17.26537634,17.34419355,17.46354839,17.93048387,17.41548387,17.42129032,17.78075269,17.54629032,17.49612903,17.5283871,17.58290323,17.90354839,17.23209677,17.41978495,17.13903226,17.43048387,17.7016129,17.36602151,18.46032258,17.99430108,17.2316129,17.14470968,17.07028226,16.82806452,17.76225806,17.49628404
2020,abr,16.41,16.422,16.39966667,15.89366667,15.92466667,16.107,15.91255556,16.06291667,16.23033333,16.5725,16.13116667,16.2295,16.42777778,16.267,16.09966667,16.27416667,16.22533333,16.67033333,15.86583333,16.074,15.81033333,16.07333333,16.37966667,16.00833333,16.92933333,16.59411111,15.874,15.8654,15.71533333,15.535,16.404,16.15809091
2020,may,16.39967742,16.71526882,16.64,15.88774194,15.80365591,16.09629032,15.86956989,15.97758065,16.21419355,16.56258065,16.00435484,16.11080645,16.4172043,16.25370968,16.05483871,16.23064516,16.21564516,16.65419355,15.74290323,16.02462366,15.69064516,16.06274194,16.36677419,15.99817204,17.20959677,16.62887097,15.86290323,15.79335484,15.67576613,15.46451613,16.39290323,16.14927105
2020,jun,17.59133333,18.26311111,18.36666667,17.07733333,17.02544444,17.28916667,17.15077778,17.25408333,17.585,17.754,17.23366667,17.3375,17.60955556,17.51833333,17.242,17.52025,17.40733333,18.025,16.96633333,17.22888889,16.91166667,17.25516667,17.56133333,17.18255556,19.256,17.93988889,17.057,17.0198,16.87629167,16.7415,17.587,17.44495238
2020,jul,18.24741935,18.52247312,18.94064516,17.71290323,17.94419355,17.94564516,18.12989247,17.95556452,18.28225806,18.41225806,18.22290323,18.19258065,18.26666667,18.17919355,18.00387097,18.21274194,18.06483871,18.72225806,18.00080645,17.97698925,17.95387097,17.91258065,18.20903226,17.8388172,19.28056452,18.84521505,17.71387097,17.71651613,17.55016129,17.38645161,18.24387097,18.13704231
2020,ago,18.16967742,18.44892473,18.32419355,17.63580645,17.86483871,17.86677419,18.06913978,17.895,18.22612903,18.33193548,18.145,18.12032258,18.18698925,18.10064516,17.92774194,18.14177419,17.98532258,18.66612903,17.92193548,17.89709677,17.87806452,17.83258065,18.13064516,17.75903226,19.63145161,18.64284946,17.63258065,17.62677419,17.47294355,17.29790323,18.16387097,18.06604106
2020,sep,17.24966667,17.41911111,17.277,16.714,16.86022222,16.94683333,17.15777778,16.93783333,17.10466667,17.41383333,17.20966667,17.1845,17.26788889,17.1095,17.00533333,17.12408333,17.02333333,17.545,17.0015,16.94133333,16.95533333,16.91333333,17.20966667,16.83944444,18.244,17.82644444,16.714,16.71246988,16.55004167,16.367,17.244,17.10068788
2020,oct,17.43,17.54688172,17.41290323,16.88709677,17.01494624,17.12693548,17.14053763,17.05137097,17.17451613,17.59241935,17.35983871,17.3183871,17.4472043,17.24306452,17.18096774,17.23443548,17.19080645,17.61451613,17.18209677,17.10645161,17.13193548,17.09290323,17.38516129,17.01935484,18.26975806,18.01096774,16.89354839,16.85354839,16.72596774,16.5416129,17.42354839,17.24196857
2020,nov,17.67133333,17.58177778,17.417,17.12433333,17.25622222,17.36783333,17.45788889,17.28533333,17.41033333,17.83283333,17.59533333,17.55516667,17.68844444,17.47833333,17.41466667,17.47108333,17.43166667,17.85033333,17.4235,17.349,17.36466667,17.33366667,17.62433333,17.26011111,18.94316667,17.91127778,17.13366667,17.08755556,16.96833333,16.78983333,17.66366667,17.46934615
2020,dic,18.47645161,18.43139785,18.27032258,17.92483871,18.06204301,18.17387097,18.50978495,18.14637097,18.31709677,18.63919355,18.44306452,18.39032258,18.49419355,18.33467742,18.22,18.34725806,18.23693548,18.75741935,18.23,18.15225806,18.17,18.14048387,18.42677419,18.06612903,19.22741935,19.1444086,17.94129032,17.93274194,17.77475806,17.57951613,18.47129032,18.30774607
2021,ene,19.36290323,19.28301075,19.08419355,18.80258065,18.94795699,19.06145161,19.3983871,19.00153226,19.13451613,19.52822581,19.29951613,19.22806452,19.38236559,19.18580645,19.10354839,19.18580645,19.12435484,19.57548387,19.08677419,19.04096774,19.05419355,19.02870968,19.30903226,18.96591398,20.05516129,20.06456989,18.83,18.80209677,18.65951613,18.46241935,19.36,19.18114144
2021,feb,20.56964286,20.54416667,20.25,20.005,20.15190476,20.26535714,20.60869048,20.20026786,20.28107143,20.73357143,20.47732143,20.40821429,20.55297619,20.36071429,20.30535714,20.34089286,20.32875,20.725,20.28035714,20.24452381,20.20678571,20.23553571,20.46071429,20.17428571,21.27410714,21.28017857,20.03428571,20.015,19.86392857,19.65803571,20.56785714,20.38044414
2021,mar,20.78290323,20.79580645,20.08580645,20.21806452,20.34387097,20.47822581,20.79268817,20.38991935,20.45129032,20.9483871,20.63822581,20.59677419,20.74827957,20.55209677,20.46193548,20.51274194,20.5333871,20.89548387,20.49322581,20.44182796,20.38580645,20.44854839,20.64612903,20.38827957,21.50395161,21.48290323,20.24774194,20.21043011,20.07471774,19.89177419,20.78258065,20.577378
2021,abr,20.848,20.86988889,20.05866667,20.28633333,20.39744444,20.54283333,20.93577778,20.49466667,20.546,21.012,20.71233333,20.70583333,20.81433333,20.6345,20.50533333,20.60891667,20.594,20.99166667,20.60483333,20.50288889,20.45533333,20.51383333,20.70933333,20.45255556,21.50525,21.53527778,20.30966667,20.31266667,20.14645833,19.95416667,20.84766667,20.65025641
2021,may,21.20419355,21.26430108,20.4283871,20.63870968,20.75354839,20.89967742,21.31333333,20.85072581,20.91419355,21.36645161,21.07241935,21.06354839,21.17021505,20.99596774,20.85741935,20.97290323,20.95016129,21.35870968,20.93145161,20.85989247,20.80645161,20.86967742,21.06645161,20.8355914,21.92741935,21.95005376,20.66645161,20.66591398,20.50108871,20.30225806,21.20387097,21.01727461
2021,jun,21.19033333,21.125,20.43833333,20.61666667,20.69277778,20.88316667,21.23422222,20.79183333,20.952,21.3145,21.08083333,21.06,21.09988889,20.999,20.72866667,20.99258333,20.932,21.39833333,20.844,20.81888889,20.784,20.83866667,20.89,20.81011111,21.39825,21.55027778,20.64666667,20.62955556,20.45058333,20.2705,21.172,20.92332479
2021,jul,21.20806452,20.85806452,20.49451613,20.69967742,20.69419355,21.00677419,21.31053763,20.66532258,21.02451613,21.00258065,21.13903226,21.15387097,20.7972043,21.09741935,20.72419355,20.93782258,21.05403226,21.4716129,19.97387097,20.88301075,20.94,20.95758065,20.61677419,20.76451613,20.77483871,21.06102151,20.76935484,20.67451613,20.46879032,20.39209677,20.94709677,20.82113317
2021,ago,21.00032258,20.97365591,20.60548387,20.63419355,20.73924731,21.0083871,21.34354839,20.75467742,20.98903226,20.74758065,20.97903226,21.10919355,20.64354839,21.13096774,20.76387097,20.99137097,21.05483871,21.47419355,19.73919355,20.88731183,21.01290323,20.82758065,20.57967742,20.7183871,20.90177419,21.17048387,20.44290323,20.72516129,20.45415323,20.31080645,20.90903226,20.81720844
2021,sep,20.88233333,21.12844444,20.766,20.78933333,20.89522222,20.93183333,21.30177778,20.74641667,21.13033333,20.5985,21.063,21.16466667,20.66333333,21.22216667,20.79466667,20.9245,21.10366667,21.563,19.92216667,20.99266667,20.81566667,20.78233333,20.68833333,20.59511111,21.05733333,21.33588889,20.36033333,20.74255556,20.559625,20.42066667,20.77466667,20.86632051
2021,oct,21.0216129,21.38043011,21.01548387,21.07806452,21.10290323,21.19919355,21.48322581,20.93435484,21.31225806,20.72854839,21.24629032,21.41967742,20.90236559,21.50612903,20.80548387,21.09354839,21.34354839,21.81677419,20.20854839,21.17924731,20.99774194,20.99725806,21.06483871,20.77193548,21.30491935,21.59602151,20.62516129,20.89198925,20.8071371,20.71112903,20.91516129,21.08397436
2021,nov,20.86,21.21311111,20.855,20.89366667,20.97711111,21.0645,21.29044444,20.75183333,21.16733333,20.5335,21.1135,21.2595,20.77488889,21.31116667,20.68433333,20.94325,21.1955,21.64133333,20.02766667,21.03811111,20.882,20.786,20.93933333,20.63088889,21.13825,21.42227778,20.51233333,20.62283333,20.63504167,20.5135,20.75366667,20.91354701
2021,dic,21.16387097,21.4316129,21.09032258,21.16612903,21.26795699,21.29403226,21.5711828,21.0125,21.45935484,20.78403226,21.39403226,21.53016129,21.09387097,21.56322581,20.97387097,21.23096774,21.44016129,21.84,20.31177419,21.30494624,21.17193548,21.08951613,21.22903226,20.92956989,21.36733871,21.63424731,20.79064516,20.87526882,20.89758065,20.78709677,21.07193548,21.17722498
2022,ene,21.82870968,22.1472043,21.8216129,21.90387097,21.99204301,22.00306452,22.24107527,21.69798387,22.2316129,21.41129032,22.1366129,22.28596774,21.77301075,22.28516129,21.69677419,21.94362903,22.15854839,22.55451613,20.96532258,22.02193548,21.89580645,21.81419355,21.88935484,21.59946237,22.08798387,22.32698925,21.52419355,21.41887097,21.61560484,21.52193548,21.7583871,21.8706617
2022,feb,21.64571429,21.94452381,21.62464286,21.71571429,21.81690476,21.71196429,22.02452381,21.515,22.03071429,21.23,21.95142857,22.09375,21.60321429,22.09821429,21.52571429,21.76321429,21.98196429,22.35464286,20.78589286,21.84607143,21.72178571,21.72696429,21.70642857,21.42345238,21.88723214,22.12571429,21.33321429,21.24142857,21.4346875,21.34392857,21.585,21.68474359
2022,mar,22.40774194,22.51225806,22.19096774,22.27612903,22.3883871,22.2766129,22.66172043,22.17548387,22.60032258,21.96435484,22.52774194,22.66564516,22.34494624,22.68129032,22.09612903,22.41516129,22.56419355,22.94451613,21.51725806,22.43430108,22.29096774,22.36870968,22.47483871,22.13494624,22.46096774,22.70580645,21.90096774,21.93935484,22.00971774,21.90645161,22.30516129,22.3079115
2022,abr,22.731,22.58822222,22.27966667,22.31766667,22.45944444,22.43716667,23.03833333,22.6125,22.747,22.80533333,22.70566667,22.7525,22.70233333,22.73833333,22.40766667,22.66725,22.62466667,23.015,22.36966667,22.49233333,22.36233333,22.447,22.671,22.491,22.543,22.79222222,22.08233333,22.35972222,22.13345833,21.95416667,22.61566667,22.53184188
2022,may,22.84322581,22.59430108,22.28935484,22.38096774,22.53430108,22.56209677,23.1283871,22.73677419,22.74677419,22.99145161,22.79016129,22.79258065,22.87741935,22.76016129,22.63096774,22.74096774,22.69112903,23.00677419,22.59322581,22.57258065,22.45096774,22.52467742,22.76322581,22.6083871,22.54677419,22.79510753,22.21322581,22.43575269,22.24778226,22.0333871,22.73096774,22.61468983
2022,jun,22.94933333,22.68488889,22.384,22.472,22.63755556,22.66066667,23.00955556,22.8325,22.834,23.08533333,22.89266667,22.894,22.97777778,22.848,22.75866667,22.84016667,22.78433333,23.08666667,22.697,22.67511111,22.55666667,22.62066667,22.86933333,22.70044444,22.63716667,22.87755556,22.31933333,22.43855556,22.327,22.127,22.832,22.69345299
2022,jul,23.13387097,23.02301075,22.73709677,22.59032258,22.79580645,22.81822581,23.17419355,23.05201613,23.18935484,23.33516129,23.10532258,23.095,23.15645161,23.04919355,22.91709677,23.12733871,22.94741935,23.45774194,22.86774194,22.84419355,22.70709677,22.77516129,23.04548387,22.84301075,22.99322581,23.20333333,22.46709677,22.60602151,22.45552419,22.24645161,23.01548387,22.90308519
2022,ago,23.30032258,23.19634409,22.90387097,22.70774194,22.94526882,22.9616129,23.38021505,23.20879032,23.34903226,23.52177419,23.28532258,23.27532258,23.31537634,23.22532258,23.10967742,23.30209677,23.09548387,23.62903226,23.02774194,22.97731183,22.85032258,22.91774194,23.19774194,22.97204301,23.16145161,23.38811828,22.60806452,22.78978495,22.5841129,22.37274194,23.17516129,23.06392887
2022,sep,23.47533333,23.372,23.07,22.88266667,23.12022222,23.14033333,23.544,23.38216667,23.522,23.704,23.46766667,23.454,23.492,23.42,23.266,23.4745,23.27033333,23.81666667,23.204,23.14466667,23.028,23.094,23.37266667,23.15022222,23.331,23.56277778,22.78266667,22.94877778,22.76308333,22.54533333,23.35266667,23.23797436
2022,oct,23.60483871,23.48752688,23.18064516,23.01516129,23.25365591,23.27483871,23.59817204,23.50177419,23.63741935,23.83435484,23.59951613,23.56451613,23.60430108,23.54612903,23.3916129,23.59935484,23.40806452,23.93741935,23.33467742,23.27688172,23.15806452,23.22951613,23.50451613,23.28494624,23.44427419,23.66295699,22.91483871,23.04086022,22.89802419,22.68145161,23.48451613,23.35744003
2022,nov,23.57033333,23.47411111,23.16966667,22.98033333,23.22033333,23.24016667,23.65688889,23.47741667,23.624,23.8035,23.56533333,23.52316667,23.57733333,23.5195,23.34333333,23.57591667,23.37516667,23.924,23.303,23.24388889,23.12566667,23.19516667,23.47033333,23.25022222,23.43066667,23.65672222,22.88033333,23.06483333,22.86333333,22.65016667,23.45033333,23.33755128
2022,dic,23.19193548,23.12698925,22.82903226,22.61645161,22.78935484,22.87145161,23.12172043,23.07225806,23.29516129,23.44483871,23.21290323,23.00129032,23.1511828,23.16774194,22.95096774,23.21935484,22.97193548,23.60096774,22.9216129,22.84795699,22.74870968,22.82274194,23.09,22.88634409,23.09782258,23.26091398,22.50129032,22.57854839,22.48995968,22.27354839,23.07064516,22.9430273
2023,ene,23.51032258,23.57580645,23.27645161,22.9183871,23.08150538,23.18709677,23.5583871,23.35290323,23.76129032,23.67596774,23.50935484,23.44725806,23.48311828,23.49967742,23.1616129,23.59669355,23.27774194,24.07064516,23.15322581,23.1583871,23.05483871,23.13709677,23.40258065,23.19677419,23.55395161,23.73032258,22.78967742,22.97903226,22.79,22.5766129,23.38967742,23.29507444
2023,feb,22.7375,22.76416667,22.46535714,22.14392857,22.3075,22.41035714,22.63392857,22.22767857,22.96071429,22.52017857,22.65821429,22.66446429,22.65880952,22.68660714,22.0975,22.78508929,22.50839286,23.26857143,22.02732143,22.38130952,22.27285714,22.36160714,22.62464286,22.415,22.74419643,22.91380952,21.95892857,22.15863095,21.98683036,21.79660714,22.61392857,22.45193223
2023,mar,23.23483871,23.20462366,22.88612903,22.63774194,22.87086022,22.90870968,23.31505376,22.94314516,23.38290323,23.02274194,23.17887097,23.14951613,23.14129032,23.05354839,22.5783871,23.18387097,23.03967742,23.69193548,22.60951613,22.91204301,22.7683871,22.85903226,23.12096774,22.90548387,23.16540323,23.39112903,22.45096774,22.69650538,22.45866935,22.29951613,23.10967742,22.95534739
2023,abr,23.26466667,23.18844444,22.86366667,22.65933333,22.91911111,22.92583333,23.307,22.87458333,23.35,22.92933333,23.21333333,23.17416667,23.17933333,23.06383333,22.603,23.19933333,23.08016667,23.673,22.51366667,22.96055556,22.82633333,22.88866667,23.18233333,22.90488889,23.143,23.393,22.49033333,22.72816667,22.49733333,22.3315,23.14233333,22.9647094
2023,may,23.51516129,23.42860215,23.11741935,22.90483871,23.16473118,23.11370968,23.30956989,22.9991129,23.59870968,23.0116129,23.46258065,23.40612903,23.42774194,23.33048387,22.84741935,23.4566129,23.32774194,23.92935484,22.59354839,23.21150538,23.08645161,23.13629032,23.44483871,23.12698925,23.3975,23.63080645,22.76612903,22.92849462,22.78604839,22.58241935,23.39354839,23.1871464
2023,jun,23.49433333,23.40544444,23.08066667,22.87433333,23.13966667,23.117,23.28255556,22.97108333,23.55833333,22.9865,23.43633333,23.37316667,23.41633333,23.47233333,22.82866667,23.42858333,23.30133333,23.89466667,22.56833333,23.18755556,23.04133333,23.114,23.404,23.10033333,23.36366667,23.60205556,22.76666667,22.89772222,22.76166667,22.56433333,23.37,23.16564957
2023,jul,23.82645161,23.64290323,23.30774194,23.19967742,23.46774194,23.40951613,23.62860215,23.24177419,23.77451613,23.27387097,23.71822581,23.65629032,23.69591398,23.74419355,23.15741935,23.68612903,23.62951613,24.12290323,22.85177419,23.51892473,23.36870968,23.44306452,23.73096774,23.41344086,23.59427419,23.84919355,23.05129032,23.19397849,23.05987903,22.89967742,23.69129032,23.45400744
2023,ago,24.16612903,23.9455914,23.6083871,23.53064516,23.80408602,23.72387097,23.98774194,23.58217742,24.06032258,23.63177419,24.03290323,23.99967742,23.99956989,24.06064516,23.48741935,23.9933871,23.96790323,24.42935484,23.20370968,23.86139785,23.70580645,23.78209677,24.05741935,23.75483871,23.89806452,24.15930108,23.35193548,23.59806452,23.39975806,23.2566129,23.99580645,23.78728288
2023,sep,24.159,23.89677778,23.574,23.51866667,23.79233333,23.68233333,23.98977778,23.59616667,24.01933333,23.66633333,24.00733333,23.98466667,23.993,24.02266667,23.48133333,23.97016667,23.95566667,24.39866667,23.23166667,23.852,23.69233333,23.7715,24.05133333,23.76644444,23.86133333,24.122,23.312,23.57961111,23.39304167,23.25533333,23.986,23.77286325
2023,oct,23.75096774,23.48795699,23.16225806,23.11064516,23.38655914,23.2616129,23.64333333,23.27387097,23.6116129,23.36967742,23.59951613,23.57774194,23.58376344,23.60790323,23.09225806,23.56177419,23.54612903,23.99741935,22.93951613,23.38053763,23.28806452,23.36258065,23.66096774,23.3811828,23.44967742,23.7116129,22.88935484,23.15795699,23.01024194,22.84483871,23.58032258,23.37684036
2023,nov,23.491,23.32944444,22.99866667,22.89766667,22.948,23.029,23.312,22.95616667,23.446,23.14616667,23.322,23.32766667,23.29077778,23.3135,22.99166667,23.3675,23.31466667,23.82766667,22.572,22.93877778,23.042,23.12216667,23.361,23.106,23.27866667,23.53761111,22.671,22.85261111,22.7865,22.61533333,23.24533333,23.1194188
2023,dic,23.70516129,23.63387097,23.31129032,23.15870968,22.85397849,23.26532258,23.41903226,23.03104839,23.75870968,23.32080645,23.54935484,23.5633871,23.5183871,23.43209677,23.26290323,23.70612903,23.56064516,24.11516129,22.49612903,23.08494624,23.2883871,23.35758065,23.55451613,23.30354839,23.58137097,23.83602151,22.92645161,23.03435484,23.03310484,22.85935484,23.40612903,23.32691481
2024,ene,24.46580645,24.4527957,24.13806452,24.00935484,23.4472043,24.10919355,24.07870968,23.62403226,24.59483871,23.91483871,24.40516129,24.455,24.36053763,24.33774194,23.8316129,24.54758065,24.42145161,24.95322581,22.685,23.86258065,24.13548387,24.25612903,24.38483871,24.09225806,24.41185484,24.66537634,23.76741935,23.79016129,23.86967742,23.72016129,24.2383871,24.10301489
2024,feb,24.26103448,24.25758621,23.94137931,23.97275862,23.31908046,24.12293103,23.73137931,23.08732759,24.40275862,23.47258621,24.31913793,24.42448276,24.28471264,24.24396552,23.79931034,24.39293103,24.47586207,24.77655172,21.84637931,23.79528736,24.15068966,24.35637931,24.32275862,23.94954023,24.21991379,24.48143678,23.79827586,23.40247126,23.88715517,23.76155172,24.16827586,23.93403183
2024,mar,24.20741935,24.16419355,23.84032258,23.66709677,23.16774194,23.98112903,23.95150538,23.24548387,24.30645161,23.99016129,24.27193548,24.24064516,24.2316129,24.12080645,23.79645161,24.20798387,24.29,24.67032258,22.21790323,23.65182796,24.05290323,24.17403226,24.2416129,23.85698925,24.11572581,24.28774194,23.65870968,23.42446237,23.67483871,23.5616129,24.12677419,23.86262614
2024,abr,24.41666667,24.51666667,24.19366667,23.857,23.44944444,24.09616667,24.05055556,23.82016667,24.646,24.1905,24.42933333,24.35016667,24.38188889,24.3505,23.902,24.463,24.28333333,25.026,23.17333333,23.86322222,24.07966667,24.18566667,24.32266667,24.05322222,24.47108333,24.51544444,23.72733333,23.83916667,23.70966667,23.5705,24.324,24.09642308
2024,may,23.7916129,23.91602151,23.59225806,23.19564516,23.35768817,23.48435484,23.4116129,23.18616935,24.0066129,23.56064516,23.73830645,23.69258065,23.70290323,23.70846774,23.16209677,23.81487903,23.6308871,24.42806452,23.24379032,23.40365591,23.4233871,23.52951613,23.59225806,23.4011828,23.86983871,23.91591398,22.8672549,23.18497312,23.07860887,22.91701613,23.67016129,23.49528507
2024,jun,24.49116667,24.7425,24.40966667,23.92166667,23.52061111,24.11883333,24.12305556,23.91516667,24.82016667,24.268,24.55191667,24.44141667,24.49611111,24.49325,24.03966667,24.5985,24.38483333,25.23483333,23.24033333,23.98133333,24.17816667,24.28308333,24.46983333,24.13594444,24.69070833,24.69061111,23.23325,23.92252778,23.8263125,23.67558333,24.39883333,24.19557595
2024,jul,24.65274194,24.92274194,24.57564516,24.06870968,23.69005376,24.27104839,24.28876344,24.06725806,25.00451613,24.42935484,24.73048387,24.61733871,24.66715054,24.6616129,24.22693548,24.76818548,24.55677419,25.4033871,23.4083871,24.15026882,24.34483871,24.45209677,24.65548387,24.30247312,24.86939516,24.88645161,23.40145161,24.07569892,23.97475806,23.82620968,24.55096774,24.36262556
2024,ago,24.59967742,24.86354839,24.53580645,23.96677419,23.64494624,24.18629032,24.29731183,24.02725806,24.96419355,24.39193548,24.61919355,24.49258065,24.5472043,24.56016129,24.12451613,24.6491129,24.40209677,25.34064516,23.36403226,24.06537634,24.18709677,24.29629032,24.54096774,24.22688172,24.79653226,24.87446237,23.35435484,24.00403226,23.83387097,23.64725806,24.47741935,24.28018783
2024,sep,24.42966667,24.68033333,24.35266667,23.79233333,23.38277778,23.97433333,24.088,23.84883333,24.783,24.2095,24.48833333,24.44333333,24.43522222,24.45583333,24.251,24.53691667,24.37633333,25.156,23.10416667,23.87877778,24.16033333,24.27033333,24.481,24.05988889,24.16158333,24.52516667,23.14075,23.87686111,23.819625,23.64,24.32,24.10968776
2024,oct,24.57306452,24.94892473,24.59645161,24.0033871,23.58193548,24.18862903,24.17451613,23.99919355,25.03645161,24.335,24.16693548,24.17274194,24.66784946,24.65895161,24.4083871,24.79032258,24.53967742,25.40903226,23.30169355,24.09451613,24.31532258,24.42862903,24.62532258,24.21096774,24.40096774,24.74994624,23.31016129,23.96314516,23.97858871,23.78943548,24.47822581,24.26752756
2024,nov,25.296,25.32566667,24.99033333,24.49033333,23.98055556,24.87166667,24.75111111,24.86516667,25.48633333,25.5255,24.48366667,24.50833333,25.10922222,25.129,24.77633333,25.23908333,24.90566667,25.82666667,23.69066667,24.61622222,24.68266667,24.79366667,24.987,24.73866667,25.27691667,25.36527778,24.25883333,24.53472222,24.42158333,24.15333333,25.19333333,24.81305485
2024,dic,25.10580645,25.13516129,24.79903226,24.2983871,24.41064516,24.68129032,24.80139785,24.92758065,25.29612903,25.33435484,24.3016129,24.32096774,24.9983871,24.93983871,24.65225806,25.0675,24.71451613,25.63677419,23.50677419,24.63268817,24.56870968,24.60854839,24.80967742,24.56602151,25.08653226,25.18892473,24.06903226,24.39392473,24.23193548,23.96258065,25.00354839,24.6881176
2025,ene,25.89967742,25.92666667,25.59,25.09,25.24322581,25.47387097,25.77698925,25.72725806,26.08967742,26.12580645,25.14,25.11483871,25.81655914,25.73467742,25.48,25.86540323,25.50580645,26.43,24.30548387,25.44010753,25.38967742,25.45,25.71,25.36956989,25.8775,25.98301075,24.86064516,25.20806452,25.02479839,24.755,25.79935484,25.49817068
2025,feb,25.64142857,25.3547619,25.02642857,24.83142857,25.04,25.19660714,25.44869048,25.39982143,25.52678571,25.70678571,24.93285714,24.92803571,25.59988095,25.42321429,25.28642857,25.53964286,25.23053571,25.86785714,24.16607143,25.18642857,25.19821429,25.12392857,25.36464286,25.11928571,25.30776786,25.55005952,24.58303571,25.01202381,24.74678571,24.47982143,25.51928571,25.18211573
2025,mar,23.94612903,23.54462366,23.2183871,23.1383871,23.21967742,23.50274194,23.69860215,23.67395161,23.71612903,23.93741935,23.16483871,23.15225806,23.89892473,23.68516129,23.42580645,23.81459677,23.52435484,24.06322581,22.37435484,23.47215054,23.51387097,23.4266129,23.66903226,23.42494624,23.46593548,23.76091398,22.88629032,23.25175115,23.01093548,22.95419355,23.82258065,23.41883257
2025,abr,23.255,22.90322222,22.57433333,22.37266667,22.547,22.78866667,23.262,22.99125,23.09633333,23.29083333,22.46066667,22.44466667,23.19577778,23.0065,22.84766667,23.13425,22.7785,23.466,21.6705,22.724,22.786,22.71083333,22.96733333,22.68077778,22.83726667,23.14255556,22.12033333,22.60285714,22.2157,22.002,23.13833333,22.72513889
2025,may,22.58322581,22.3672043,22.03548387,21.73709677,21.91096774,22.16322581,22.66784946,22.34903226,22.56258065,22.68064516,21.84483871,21.80193548,22.5544086,22.38677419,22.21935484,22.5325,22.14645161,22.93483871,21.05241935,22.09204301,22.15741935,22.0833871,22.34032258,22.05,22.3023871,22.61053763,21.485,21.96829493,21.58222581,21.36741935,22.51677419,22.11556836
2025,jun,23.482,23.21644444,22.88766667,22.65233333,22.82722222,23.07966667,23.60022222,23.23525,23.41433333,23.55116667,22.7805,22.72883333,23.46522222,23.29033333,23.13666667,23.43191667,23.06233333,23.78566667,22.00216667,23.00911111,23.074,23.001,23.26033333,22.96855556,23.15326667,23.45966667,22.404,22.89780952,22.50103333,22.28388889,23.43233333,23.01815873
2025,jul,24.0616129,23.70462366,23.37677419,23.23516129,23.41290323,23.67951613,24.21247312,23.81693548,23.90516129,24.10774194,23.37290323,23.31387097,24.05741935,23.86112903,23.73290323,23.995,23.65419355,24.28354839,22.5933871,23.6027957,23.67032258,23.63854839,23.86419355,23.56021505,23.64387097,23.95263441,22.99016129,23.47741935,23.09077419,22.86989247,24.04032258,23.58674347
2025,ago,23.34806452,22.93612903,22.61032258,22.53548387,22.72408602,23.00854839,23.51408602,23.1325,23.14322581,23.39983871,22.68145161,22.60209677,23.37258065,23.1416129,23.05612903,23.27556452,22.97564516,23.53129032,21.89,22.92365591,22.99354839,23.01822581,23.20322581,22.87752688,22.8816129,23.19080645,22.30290323,22.759447,22.40809677,22.18322581,23.38032258,22.88117127
