COBERTURA,PERIODICIDAD,FECHA,CONCEPTO,VALOR,UNIDAD_MEDIDA,ESTATUS
Nacional,Mensual,01/01/2003,"Índice nacional de precios al consumidor (mensual), Resumen, Subíndices subyacente y complementarios, Precios al Consumidor (INPC)",53.52544068,Índice,Cifras definitivas
Nacional,Mensual,01/02/2003,"Índice nacional de precios al consumidor (mensual), Resumen, Subíndices subyacente y complementarios, Precios al Consumidor (INPC)",53.67412245,Índice,Cifras definitivas
Nacional,Mensual,01/03/2003,"Índice nacional de precios al consumidor (mensual), Resumen, Subíndices subyacente y complementarios, Precios al Consumidor (INPC)",54.01293041,Índice,Cifras definitivas
Nacional,Mensual,01/04/2003,"Índice nacional de precios al consumidor (mensual), Resumen, Subíndices subyacente y complementarios, Precios al Consumidor (INPC)",54.1051442,Índice,Cifras definitivas
Nacional,Mensual,01/05/2003,"Índice nacional de precios al consumidor (mensual), Resumen, Subíndices subyacente y complementarios, Precios al Consumidor (INPC)",53.93055967,Índice,Cifras definitivas
Nacional,Mensual,01/06/2003,"Índice nacional de precios al consumidor (mensual), Resumen, Subíndices subyacente y complementarios, Precios al Consumidor (INPC)",53.9751124,Índice,Cifras definitivas
Nacional,Mensual,01/07/2003,"Índice nacional de precios al consumidor (mensual), Resumen, Subíndices subyacente y complementarios, Precios al Consumidor (INPC)",54.0533387,Índice,Cifras definitivas
Nacional,Mensual,01/08/2003,"Índice nacional de precios al consumidor (mensual), Resumen, Subíndices subyacente y complementarios, Precios al Consumidor (INPC)",54.21548991,Índice,Cifras definitivas
Nacional,Mensual,01/09/2003,"Índice nacional de precios al consumidor (mensual), Resumen, Subíndices subyacente y complementarios, Precios al Consumidor (INPC)",54.53823816,Índice,Cifras definitivas
Nacional,Mensual,01/10/2003,"Índice nacional de precios al consumidor (mensual), Resumen, Subíndices subyacente y complementarios, Precios al Consumidor (INPC)",54.73820739,Índice,Cifras definitivas
Nacional,Mensual,01/11/2003,"Índice nacional de precios al consumidor (mensual), Resumen, Subíndices subyacente y complementarios, Precios al Consumidor (INPC)",55.19254161,Índice,Cifras definitivas
Nacional,Mensual,01/12/2003,"Índice nacional de precios al consumidor (mensual), Resumen, Subíndices subyacente y complementarios, Precios al Consumidor (INPC)",55.42981079,Índice,Cifras definitivas
Nacional,Mensual,01/01/2004,"Índice nacional de precios al consumidor (mensual), Resumen, Subíndices subyacente y complementarios, Precios al Consumidor (INPC)",55.77431735,Índice,Cifras definitivas
Nacional,Mensual,01/02/2004,"Índice nacional de precios al consumidor (mensual), Resumen, Subíndices subyacente y complementarios, Precios al Consumidor (INPC)",56.10794476,Índice,Cifras definitivas
Nacional,Mensual,01/03/2004,"Índice nacional de precios al consumidor (mensual), Resumen, Subíndices subyacente y complementarios, Precios al Consumidor (INPC)",56.29807094,Índice,Cifras definitivas
Nacional,Mensual,01/04/2004,"Índice nacional de precios al consumidor (mensual), Resumen, Subíndices subyacente y complementarios, Precios al Consumidor (INPC)",56.38303195,Índice,Cifras definitivas
Nacional,Mensual,01/05/2004,"Índice nacional de precios al consumidor (mensual), Resumen, Subíndices subyacente y complementarios, Precios al Consumidor (INPC)",56.24160294,Índice,Cifras definitivas
Nacional,Mensual,01/06/2004,"Índice nacional de precios al consumidor (mensual), Resumen, Subíndices subyacente y complementarios, Precios al Consumidor (INPC)",56.33174451,Índice,Cifras definitivas
Nacional,Mensual,01/07/2004,"Índice nacional de precios al consumidor (mensual), Resumen, Subíndices subyacente y complementarios, Precios al Consumidor (INPC)",56.47939018,Índice,Cifras definitivas
Nacional,Mensual,01/08/2004,"Índice nacional de precios al consumidor (mensual), Resumen, Subíndices subyacente y complementarios, Precios al Consumidor (INPC)",56.82804118,Índice,Cifras definitivas
Nacional,Mensual,01/09/2004,"Índice nacional de precios al consumidor (mensual), Resumen, Subíndices subyacente y complementarios, Precios al Consumidor (INPC)",57.29791705,Índice,Cifras definitivas
Nacional,Mensual,01/10/2004,"Índice nacional de precios al consumidor (mensual), Resumen, Subíndices subyacente y complementarios, Precios al Consumidor (INPC)",57.69474717,Índice,Cifras definitivas
Nacional,Mensual,01/11/2004,"Índice nacional de precios al consumidor (mensual), Resumen, Subíndices subyacente y complementarios, Precios al Consumidor (INPC)",58.1868994,Índice,Cifras definitivas
Nacional,Mensual,01/12/2004,"Índice nacional de precios al consumidor (mensual), Resumen, Subíndices subyacente y complementarios, Precios al Consumidor (INPC)",58.30708815,Índice,Cifras definitivas
Nacional,Mensual,01/01/2005,"Índice nacional de precios al consumidor (mensual), Resumen, Subíndices subyacente y complementarios, Precios al Consumidor (INPC)",58.30916037,Índice,Cifras definitivas
Nacional,Mensual,01/02/2005,"Índice nacional de precios al consumidor (mensual), Resumen, Subíndices subyacente y complementarios, Precios al Consumidor (INPC)",58.50343099,Índice,Cifras definitivas
Nacional,Mensual,01/03/2005,"Índice nacional de precios al consumidor (mensual), Resumen, Subíndices subyacente y complementarios, Precios al Consumidor (INPC)",58.76712098,Índice,Cifras definitivas
Nacional,Mensual,01/04/2005,"Índice nacional de precios al consumidor (mensual), Resumen, Subíndices subyacente y complementarios, Precios al Consumidor (INPC)",58.97641519,Índice,Cifras definitivas
Nacional,Mensual,01/05/2005,"Índice nacional de precios al consumidor (mensual), Resumen, Subíndices subyacente y complementarios, Precios al Consumidor (INPC)",58.82825146,Índice,Cifras definitivas
Nacional,Mensual,01/06/2005,"Índice nacional de precios al consumidor (mensual), Resumen, Subíndices subyacente y complementarios, Precios al Consumidor (INPC)",58.77178347,Índice,Cifras definitivas
Nacional,Mensual,01/07/2005,"Índice nacional de precios al consumidor (mensual), Resumen, Subíndices subyacente y complementarios, Precios al Consumidor (INPC)",59.00179988,Índice,Cifras definitivas
Nacional,Mensual,01/08/2005,"Índice nacional de precios al consumidor (mensual), Resumen, Subíndices subyacente y complementarios, Precios al Consumidor (INPC)",59.07225536,Índice,Cifras definitivas
Nacional,Mensual,01/09/2005,"Índice nacional de precios al consumidor (mensual), Resumen, Subíndices subyacente y complementarios, Precios al Consumidor (INPC)",59.30900649,Índice,Cifras definitivas
Nacional,Mensual,01/10/2005,"Índice nacional de precios al consumidor (mensual), Resumen, Subíndices subyacente y complementarios, Precios al Consumidor (INPC)",59.45457994,Índice,Cifras definitivas
Nacional,Mensual,01/11/2005,"Índice nacional de precios al consumidor (mensual), Resumen, Subíndices subyacente y complementarios, Precios al Consumidor (INPC)",59.88249335,Índice,Cifras definitivas
Nacional,Mensual,01/12/2005,"Índice nacional de precios al consumidor (mensual), Resumen, Subíndices subyacente y complementarios, Precios al Consumidor (INPC)",60.25031239,Índice,Cifras definitivas
Nacional,Mensual,01/01/2006,"Índice nacional de precios al consumidor (mensual), Resumen, Subíndices subyacente y complementarios, Precios al Consumidor (INPC)",60.60362589,Índice,Cifras definitivas
Nacional,Mensual,01/02/2006,"Índice nacional de precios al consumidor (mensual), Resumen, Subíndices subyacente y complementarios, Precios al Consumidor (INPC)",60.69635773,Índice,Cifras definitivas
Nacional,Mensual,01/03/2006,"Índice nacional de precios al consumidor (mensual), Resumen, Subíndices subyacente y complementarios, Precios al Consumidor (INPC)",60.77251181,Índice,Cifras definitivas
Nacional,Mensual,01/04/2006,"Índice nacional de precios al consumidor (mensual), Resumen, Subíndices subyacente y complementarios, Precios al Consumidor (INPC)",60.86161727,Índice,Cifras definitivas
Nacional,Mensual,01/05/2006,"Índice nacional de precios al consumidor (mensual), Resumen, Subíndices subyacente y complementarios, Precios al Consumidor (INPC)",60.59067451,Índice,Cifras definitivas
Nacional,Mensual,01/06/2006,"Índice nacional de precios al consumidor (mensual), Resumen, Subíndices subyacente y complementarios, Precios al Consumidor (INPC)",60.64299806,Índice,Cifras definitivas
Nacional,Mensual,01/07/2006,"Índice nacional de precios al consumidor (mensual), Resumen, Subíndices subyacente y complementarios, Precios al Consumidor (INPC)",60.80929371,Índice,Cifras definitivas
Nacional,Mensual,01/08/2006,"Índice nacional de precios al consumidor (mensual), Resumen, Subíndices subyacente y complementarios, Precios al Consumidor (INPC)",61.11960865,Índice,Cifras definitivas
Nacional,Mensual,01/09/2006,"Índice nacional de precios al consumidor (mensual), Resumen, Subíndices subyacente y complementarios, Precios al Consumidor (INPC)",61.73661213,Índice,Cifras definitivas
Nacional,Mensual,01/10/2006,"Índice nacional de precios al consumidor (mensual), Resumen, Subíndices subyacente y complementarios, Precios al Consumidor (INPC)",62.00651878,Índice,Cifras definitivas
Nacional,Mensual,01/11/2006,"Índice nacional de precios al consumidor (mensual), Resumen, Subíndices subyacente y complementarios, Precios al Consumidor (INPC)",62.3318573,Índice,Cifras definitivas
Nacional,Mensual,01/12/2006,"Índice nacional de precios al consumidor (mensual), Resumen, Subíndices subyacente y complementarios, Precios al Consumidor (INPC)",62.69242357,Índice,Cifras definitivas
Nacional,Mensual,01/01/2007,"Índice nacional de precios al consumidor (mensual), Resumen, Subíndices subyacente y complementarios, Precios al Consumidor (INPC)",63.01620793,Índice,Cifras definitivas
Nacional,Mensual,01/02/2007,"Índice nacional de precios al consumidor (mensual), Resumen, Subíndices subyacente y complementarios, Precios al Consumidor (INPC)",63.19234663,Índice,Cifras definitivas
Nacional,Mensual,01/03/2007,"Índice nacional de precios al consumidor (mensual), Resumen, Subíndices subyacente y complementarios, Precios al Consumidor (INPC)",63.32911314,Índice,Cifras definitivas
Nacional,Mensual,01/04/2007,"Índice nacional de precios al consumidor (mensual), Resumen, Subíndices subyacente y complementarios, Precios al Consumidor (INPC)",63.29129513,Índice,Cifras definitivas
Nacional,Mensual,01/05/2007,"Índice nacional de precios al consumidor (mensual), Resumen, Subíndices subyacente y complementarios, Precios al Consumidor (INPC)",62.98253436,Índice,Cifras definitivas
Nacional,Mensual,01/06/2007,"Índice nacional de precios al consumidor (mensual), Resumen, Subíndices subyacente y complementarios, Precios al Consumidor (INPC)",63.05817039,Índice,Cifras definitivas
Nacional,Mensual,01/07/2007,"Índice nacional de precios al consumidor (mensual), Resumen, Subíndices subyacente y complementarios, Precios al Consumidor (INPC)",63.32600481,Índice,Cifras definitivas
Nacional,Mensual,01/08/2007,"Índice nacional de precios al consumidor (mensual), Resumen, Subíndices subyacente y complementarios, Precios al Consumidor (INPC)",63.58399619,Índice,Cifras definitivas
Nacional,Mensual,01/09/2007,"Índice nacional de precios al consumidor (mensual), Resumen, Subíndices subyacente y complementarios, Precios al Consumidor (INPC)",64.07770259,Índice,Cifras definitivas
Nacional,Mensual,01/10/2007,"Índice nacional de precios al consumidor (mensual), Resumen, Subíndices subyacente y complementarios, Precios al Consumidor (INPC)",64.32740509,Índice,Cifras definitivas
Nacional,Mensual,01/11/2007,"Índice nacional de precios al consumidor (mensual), Resumen, Subíndices subyacente y complementarios, Precios al Consumidor (INPC)",64.78122126,Índice,Cifras definitivas
Nacional,Mensual,01/12/2007,"Índice nacional de precios al consumidor (mensual), Resumen, Subíndices subyacente y complementarios, Precios al Consumidor (INPC)",65.04905568,Índice,Cifras definitivas
Nacional,Mensual,01/01/2008,"Índice nacional de precios al consumidor (mensual), Resumen, Subíndices subyacente y complementarios, Precios al Consumidor (INPC)",65.35056368,Índice,Cifras definitivas
Nacional,Mensual,01/02/2008,"Índice nacional de precios al consumidor (mensual), Resumen, Subíndices subyacente y complementarios, Precios al Consumidor (INPC)",65.5448343,Índice,Cifras definitivas
Nacional,Mensual,01/03/2008,"Índice nacional de precios al consumidor (mensual), Resumen, Subíndices subyacente y complementarios, Precios al Consumidor (INPC)",66.01989072,Índice,Cifras definitivas
Nacional,Mensual,01/04/2008,"Índice nacional de precios al consumidor (mensual), Resumen, Subíndices subyacente y complementarios, Precios al Consumidor (INPC)",66.17012666,Índice,Cifras definitivas
Nacional,Mensual,01/05/2008,"Índice nacional de precios al consumidor (mensual), Resumen, Subíndices subyacente y complementarios, Precios al Consumidor (INPC)",66.09863507,Índice,Cifras definitivas
Nacional,Mensual,01/06/2008,"Índice nacional de precios al consumidor (mensual), Resumen, Subíndices subyacente y complementarios, Precios al Consumidor (INPC)",66.3721681,Índice,Cifras definitivas
Nacional,Mensual,01/07/2008,"Índice nacional de precios al consumidor (mensual), Resumen, Subíndices subyacente y complementarios, Precios al Consumidor (INPC)",66.74205936,Índice,Cifras definitivas
Nacional,Mensual,01/08/2008,"Índice nacional de precios al consumidor (mensual), Resumen, Subíndices subyacente y complementarios, Precios al Consumidor (INPC)",67.12749227,Índice,Cifras definitivas
Nacional,Mensual,01/09/2008,"Índice nacional de precios al consumidor (mensual), Resumen, Subíndices subyacente y complementarios, Precios al Consumidor (INPC)",67.58493481,Índice,Cifras definitivas
Nacional,Mensual,01/10/2008,"Índice nacional de precios al consumidor (mensual), Resumen, Subíndices subyacente y complementarios, Precios al Consumidor (INPC)",68.04548569,Índice,Cifras definitivas
Nacional,Mensual,01/11/2008,"Índice nacional de precios al consumidor (mensual), Resumen, Subíndices subyacente y complementarios, Precios al Consumidor (INPC)",68.81894178,Índice,Cifras definitivas
Nacional,Mensual,01/12/2008,"Índice nacional de precios al consumidor (mensual), Resumen, Subíndices subyacente y complementarios, Precios al Consumidor (INPC)",69.29555236,Índice,Cifras definitivas
Nacional,Mensual,01/01/2009,"Índice nacional de precios al consumidor (mensual), Resumen, Subíndices subyacente y complementarios, Precios al Consumidor (INPC)",69.45614941,Índice,Cifras definitivas
Nacional,Mensual,01/02/2009,"Índice nacional de precios al consumidor (mensual), Resumen, Subíndices subyacente y complementarios, Precios al Consumidor (INPC)",69.60949368,Índice,Cifras definitivas
Nacional,Mensual,01/03/2009,"Índice nacional de precios al consumidor (mensual), Resumen, Subíndices subyacente y complementarios, Precios al Consumidor (INPC)",70.00995018,Índice,Cifras definitivas
Nacional,Mensual,01/04/2009,"Índice nacional de precios al consumidor (mensual), Resumen, Subíndices subyacente y complementarios, Precios al Consumidor (INPC)",70.25499019,Índice,Cifras definitivas
Nacional,Mensual,01/05/2009,"Índice nacional de precios al consumidor (mensual), Resumen, Subíndices subyacente y complementarios, Precios al Consumidor (INPC)",70.05035847,Índice,Cifras definitivas
Nacional,Mensual,01/06/2009,"Índice nacional de precios al consumidor (mensual), Resumen, Subíndices subyacente y complementarios, Precios al Consumidor (INPC)",70.17935416,Índice,Cifras definitivas
Nacional,Mensual,01/07/2009,"Índice nacional de precios al consumidor (mensual), Resumen, Subíndices subyacente y complementarios, Precios al Consumidor (INPC)",70.37051645,Índice,Cifras definitivas
Nacional,Mensual,01/08/2009,"Índice nacional de precios al consumidor (mensual), Resumen, Subíndices subyacente y complementarios, Precios al Consumidor (INPC)",70.53888432,Índice,Cifras definitivas
Nacional,Mensual,01/09/2009,"Índice nacional de precios al consumidor (mensual), Resumen, Subíndices subyacente y complementarios, Precios al Consumidor (INPC)",70.89271587,Índice,Cifras definitivas
Nacional,Mensual,01/10/2009,"Índice nacional de precios al consumidor (mensual), Resumen, Subíndices subyacente y complementarios, Precios al Consumidor (INPC)",71.10719063,Índice,Cifras definitivas
Nacional,Mensual,01/11/2009,"Índice nacional de precios al consumidor (mensual), Resumen, Subíndices subyacente y complementarios, Precios al Consumidor (INPC)",71.47604578,Índice,Cifras definitivas
Nacional,Mensual,01/12/2009,"Índice nacional de precios al consumidor (mensual), Resumen, Subíndices subyacente y complementarios, Precios al Consumidor (INPC)",71.77185517,Índice,Cifras definitivas
Nacional,Mensual,01/01/2010,"Índice nacional de precios al consumidor (mensual), Resumen, Subíndices subyacente y complementarios, Precios al Consumidor (INPC)",72.55204598,Índice,Cifras definitivas
Nacional,Mensual,01/02/2010,"Índice nacional de precios al consumidor (mensual), Resumen, Subíndices subyacente y complementarios, Precios al Consumidor (INPC)",72.97167051,Índice,Cifras definitivas
Nacional,Mensual,01/03/2010,"Índice nacional de precios al consumidor (mensual), Resumen, Subíndices subyacente y complementarios, Precios al Consumidor (INPC)",73.48972549,Índice,Cifras definitivas
Nacional,Mensual,01/04/2010,"Índice nacional de precios al consumidor (mensual), Resumen, Subíndices subyacente y complementarios, Precios al Consumidor (INPC)",73.25556464,Índice,Cifras definitivas
Nacional,Mensual,01/05/2010,"Índice nacional de precios al consumidor (mensual), Resumen, Subíndices subyacente y complementarios, Precios al Consumidor (INPC)",72.79397765,Índice,Cifras definitivas
Nacional,Mensual,01/06/2010,"Índice nacional de precios al consumidor (mensual), Resumen, Subíndices subyacente y complementarios, Precios al Consumidor (INPC)",72.77118323,Índice,Cifras definitivas
Nacional,Mensual,01/07/2010,"Índice nacional de precios al consumidor (mensual), Resumen, Subíndices subyacente y complementarios, Precios al Consumidor (INPC)",72.92919,Índice,Cifras definitivas
Nacional,Mensual,01/08/2010,"Índice nacional de precios al consumidor (mensual), Resumen, Subíndices subyacente y complementarios, Precios al Consumidor (INPC)",73.1317495,Índice,Cifras definitivas
Nacional,Mensual,01/09/2010,"Índice nacional de precios al consumidor (mensual), Resumen, Subíndices subyacente y complementarios, Precios al Consumidor (INPC)",73.51511019,Índice,Cifras definitivas
Nacional,Mensual,01/10/2010,"Índice nacional de precios al consumidor (mensual), Resumen, Subíndices subyacente y complementarios, Precios al Consumidor (INPC)",73.96892635,Índice,Cifras definitivas
Nacional,Mensual,01/11/2010,"Índice nacional de precios al consumidor (mensual), Resumen, Subíndices subyacente y complementarios, Precios al Consumidor (INPC)",74.56158125,Índice,Cifras definitivas
Nacional,Mensual,01/12/2010,"Índice nacional de precios al consumidor (mensual), Resumen, Subíndices subyacente y complementarios, Precios al Consumidor (INPC)",74.93095445,Índice,Cifras definitivas
Nacional,Mensual,01/01/2011,"Índice nacional de precios al consumidor (mensual), Resumen, Subíndices subyacente y complementarios, Precios al Consumidor (INPC)",75.29599135,Índice,Cifras definitivas
Nacional,Mensual,01/02/2011,"Índice nacional de precios al consumidor (mensual), Resumen, Subíndices subyacente y complementarios, Precios al Consumidor (INPC)",75.57846024,Índice,Cifras definitivas
Nacional,Mensual,01/03/2011,"Índice nacional de precios al consumidor (mensual), Resumen, Subíndices subyacente y complementarios, Precios al Consumidor (INPC)",75.72345093,Índice,Cifras definitivas
Nacional,Mensual,01/04/2011,"Índice nacional de precios al consumidor (mensual), Resumen, Subíndices subyacente y complementarios, Precios al Consumidor (INPC)",75.71744095,Índice,Cifras definitivas
Nacional,Mensual,01/05/2011,"Índice nacional de precios al consumidor (mensual), Resumen, Subíndices subyacente y complementarios, Precios al Consumidor (INPC)",75.15926438,Índice,Cifras definitivas
Nacional,Mensual,01/06/2011,"Índice nacional de precios al consumidor (mensual), Resumen, Subíndices subyacente y complementarios, Precios al Consumidor (INPC)",75.15550814,Índice,Cifras definitivas
Nacional,Mensual,01/07/2011,"Índice nacional de precios al consumidor (mensual), Resumen, Subíndices subyacente y complementarios, Precios al Consumidor (INPC)",75.51610674,Índice,Cifras definitivas
Nacional,Mensual,01/08/2011,"Índice nacional de precios al consumidor (mensual), Resumen, Subíndices subyacente y complementarios, Precios al Consumidor (INPC)",75.63555502,Índice,Cifras definitivas
Nacional,Mensual,01/09/2011,"Índice nacional de precios al consumidor (mensual), Resumen, Subíndices subyacente y complementarios, Precios al Consumidor (INPC)",75.82111305,Índice,Cifras definitivas
Nacional,Mensual,01/10/2011,"Índice nacional de precios al consumidor (mensual), Resumen, Subíndices subyacente y complementarios, Precios al Consumidor (INPC)",76.3327123,Índice,Cifras definitivas
Nacional,Mensual,01/11/2011,"Índice nacional de precios al consumidor (mensual), Resumen, Subíndices subyacente y complementarios, Precios al Consumidor (INPC)",77.15833283,Índice,Cifras definitivas
Nacional,Mensual,01/12/2011,"Índice nacional de precios al consumidor (mensual), Resumen, Subíndices subyacente y complementarios, Precios al Consumidor (INPC)",77.79238536,Índice,Cifras definitivas
Nacional,Mensual,01/01/2012,"Índice nacional de precios al consumidor (mensual), Resumen, Subíndices subyacente y complementarios, Precios al Consumidor (INPC)",78.34304946,Índice,Cifras definitivas
Nacional,Mensual,01/02/2012,"Índice nacional de precios al consumidor (mensual), Resumen, Subíndices subyacente y complementarios, Precios al Consumidor (INPC)",78.50231384,Índice,Cifras definitivas
Nacional,Mensual,01/03/2012,"Índice nacional de precios al consumidor (mensual), Resumen, Subíndices subyacente y complementarios, Precios al Consumidor (INPC)",78.54738867,Índice,Cifras definitivas
Nacional,Mensual,01/04/2012,"Índice nacional de precios al consumidor (mensual), Resumen, Subíndices subyacente y complementarios, Precios al Consumidor (INPC)",78.30097963,Índice,Cifras definitivas
Nacional,Mensual,01/05/2012,"Índice nacional de precios al consumidor (mensual), Resumen, Subíndices subyacente y complementarios, Precios al Consumidor (INPC)",78.05381934,Índice,Cifras definitivas
Nacional,Mensual,01/06/2012,"Índice nacional de precios al consumidor (mensual), Resumen, Subíndices subyacente y complementarios, Precios al Consumidor (INPC)",78.41366669,Índice,Cifras definitivas
Nacional,Mensual,01/07/2012,"Índice nacional de precios al consumidor (mensual), Resumen, Subíndices subyacente y complementarios, Precios al Consumidor (INPC)",78.85389747,Índice,Cifras definitivas
Nacional,Mensual,01/08/2012,"Índice nacional de precios al consumidor (mensual), Resumen, Subíndices subyacente y complementarios, Precios al Consumidor (INPC)",79.0905403,Índice,Cifras definitivas
Nacional,Mensual,01/09/2012,"Índice nacional de precios al consumidor (mensual), Resumen, Subíndices subyacente y complementarios, Precios al Consumidor (INPC)",79.43911894,Índice,Cifras definitivas
Nacional,Mensual,01/10/2012,"Índice nacional de precios al consumidor (mensual), Resumen, Subíndices subyacente y complementarios, Precios al Consumidor (INPC)",79.84103612,Índice,Cifras definitivas
Nacional,Mensual,01/11/2012,"Índice nacional de precios al consumidor (mensual), Resumen, Subíndices subyacente y complementarios, Precios al Consumidor (INPC)",80.3834365,Índice,Cifras definitivas
Nacional,Mensual,01/12/2012,"Índice nacional de precios al consumidor (mensual), Resumen, Subíndices subyacente y complementarios, Precios al Consumidor (INPC)",80.56824328,Índice,Cifras definitivas
Nacional,Mensual,01/01/2013,"Índice nacional de precios al consumidor (mensual), Resumen, Subíndices subyacente y complementarios, Precios al Consumidor (INPC)",80.89278202,Índice,Cifras definitivas
Nacional,Mensual,01/02/2013,"Índice nacional de precios al consumidor (mensual), Resumen, Subíndices subyacente y complementarios, Precios al Consumidor (INPC)",81.29094297,Índice,Cifras definitivas
Nacional,Mensual,01/03/2013,"Índice nacional de precios al consumidor (mensual), Resumen, Subíndices subyacente y complementarios, Precios al Consumidor (INPC)",81.88743314,Índice,Cifras definitivas
Nacional,Mensual,01/04/2013,"Índice nacional de precios al consumidor (mensual), Resumen, Subíndices subyacente y complementarios, Precios al Consumidor (INPC)",81.94152293,Índice,Cifras definitivas
Nacional,Mensual,01/05/2013,"Índice nacional de precios al consumidor (mensual), Resumen, Subíndices subyacente y complementarios, Precios al Consumidor (INPC)",81.66882024,Índice,Cifras definitivas
Nacional,Mensual,01/06/2013,"Índice nacional de precios al consumidor (mensual), Resumen, Subíndices subyacente y complementarios, Precios al Consumidor (INPC)",81.61923793,Índice,Cifras definitivas
Nacional,Mensual,01/07/2013,"Índice nacional de precios al consumidor (mensual), Resumen, Subíndices subyacente y complementarios, Precios al Consumidor (INPC)",81.59219304,Índice,Cifras definitivas
Nacional,Mensual,01/08/2013,"Índice nacional de precios al consumidor (mensual), Resumen, Subíndices subyacente y complementarios, Precios al Consumidor (INPC)",81.82432839,Índice,Cifras definitivas
Nacional,Mensual,01/09/2013,"Índice nacional de precios al consumidor (mensual), Resumen, Subíndices subyacente y complementarios, Precios al Consumidor (INPC)",82.13233968,Índice,Cifras definitivas
Nacional,Mensual,01/10/2013,"Índice nacional de precios al consumidor (mensual), Resumen, Subíndices subyacente y complementarios, Precios al Consumidor (INPC)",82.52298816,Índice,Cifras definitivas
Nacional,Mensual,01/11/2013,"Índice nacional de precios al consumidor (mensual), Resumen, Subíndices subyacente y complementarios, Precios al Consumidor (INPC)",83.29226516,Índice,Cifras definitivas
Nacional,Mensual,01/12/2013,"Índice nacional de precios al consumidor (mensual), Resumen, Subíndices subyacente y complementarios, Precios al Consumidor (INPC)",83.7700583,Índice,Cifras definitivas
Nacional,Mensual,01/01/2014,"Índice nacional de precios al consumidor (mensual), Resumen, Subíndices subyacente y complementarios, Precios al Consumidor (INPC)",84.51905163,Índice,Cifras definitivas
Nacional,Mensual,01/02/2014,"Índice nacional de precios al consumidor (mensual), Resumen, Subíndices subyacente y complementarios, Precios al Consumidor (INPC)",84.73315704,Índice,Cifras definitivas
Nacional,Mensual,01/03/2014,"Índice nacional de precios al consumidor (mensual), Resumen, Subíndices subyacente y complementarios, Precios al Consumidor (INPC)",84.96529239,Índice,Cifras definitivas
Nacional,Mensual,01/04/2014,"Índice nacional de precios al consumidor (mensual), Resumen, Subíndices subyacente y complementarios, Precios al Consumidor (INPC)",84.80677925,Índice,Cifras definitivas
Nacional,Mensual,01/05/2014,"Índice nacional de precios al consumidor (mensual), Resumen, Subíndices subyacente y complementarios, Precios al Consumidor (INPC)",84.53557906,Índice,Cifras definitivas
Nacional,Mensual,01/06/2014,"Índice nacional de precios al consumidor (mensual), Resumen, Subíndices subyacente y complementarios, Precios al Consumidor (INPC)",84.68207224,Índice,Cifras definitivas
Nacional,Mensual,01/07/2014,"Índice nacional de precios al consumidor (mensual), Resumen, Subíndices subyacente y complementarios, Precios al Consumidor (INPC)",84.91495883,Índice,Cifras definitivas
Nacional,Mensual,01/08/2014,"Índice nacional de precios al consumidor (mensual), Resumen, Subíndices subyacente y complementarios, Precios al Consumidor (INPC)",85.21996514,Índice,Cifras definitivas
Nacional,Mensual,01/09/2014,"Índice nacional de precios al consumidor (mensual), Resumen, Subíndices subyacente y complementarios, Precios al Consumidor (INPC)",85.59633992,Índice,Cifras definitivas
Nacional,Mensual,01/10/2014,"Índice nacional de precios al consumidor (mensual), Resumen, Subíndices subyacente y complementarios, Precios al Consumidor (INPC)",86.06962558,Índice,Cifras definitivas
Nacional,Mensual,01/11/2014,"Índice nacional de precios al consumidor (mensual), Resumen, Subíndices subyacente y complementarios, Precios al Consumidor (INPC)",86.76377787,Índice,Cifras definitivas
Nacional,Mensual,01/12/2014,"Índice nacional de precios al consumidor (mensual), Resumen, Subíndices subyacente y complementarios, Precios al Consumidor (INPC)",87.18898371,Índice,Cifras definitivas
Nacional,Mensual,01/01/2015,"Índice nacional de precios al consumidor (mensual), Resumen, Subíndices subyacente y complementarios, Precios al Consumidor (INPC)",87.11010277,Índice,Cifras definitivas
Nacional,Mensual,01/02/2015,"Índice nacional de precios al consumidor (mensual), Resumen, Subíndices subyacente y complementarios, Precios al Consumidor (INPC)",87.27537713,Índice,Cifras definitivas
Nacional,Mensual,01/03/2015,"Índice nacional de precios al consumidor (mensual), Resumen, Subíndices subyacente y complementarios, Precios al Consumidor (INPC)",87.63071699,Índice,Cifras definitivas
Nacional,Mensual,01/04/2015,"Índice nacional de precios al consumidor (mensual), Resumen, Subíndices subyacente y complementarios, Precios al Consumidor (INPC)",87.40384038,Índice,Cifras definitivas
Nacional,Mensual,01/05/2015,"Índice nacional de precios al consumidor (mensual), Resumen, Subíndices subyacente y complementarios, Precios al Consumidor (INPC)",86.96736583,Índice,Cifras definitivas
Nacional,Mensual,01/06/2015,"Índice nacional de precios al consumidor (mensual), Resumen, Subíndices subyacente y complementarios, Precios al Consumidor (INPC)",87.11310776,Índice,Cifras definitivas
Nacional,Mensual,01/07/2015,"Índice nacional de precios al consumidor (mensual), Resumen, Subíndices subyacente y complementarios, Precios al Consumidor (INPC)",87.24081976,Índice,Cifras definitivas
Nacional,Mensual,01/08/2015,"Índice nacional de precios al consumidor (mensual), Resumen, Subíndices subyacente y complementarios, Precios al Consumidor (INPC)",87.42487529,Índice,Cifras definitivas
Nacional,Mensual,01/09/2015,"Índice nacional de precios al consumidor (mensual), Resumen, Subíndices subyacente y complementarios, Precios al Consumidor (INPC)",87.75241902,Índice,Cifras definitivas
Nacional,Mensual,01/10/2015,"Índice nacional de precios al consumidor (mensual), Resumen, Subíndices subyacente y complementarios, Precios al Consumidor (INPC)",88.2039185,Índice,Cifras definitivas
Nacional,Mensual,01/11/2015,"Índice nacional de precios al consumidor (mensual), Resumen, Subíndices subyacente y complementarios, Precios al Consumidor (INPC)",88.68546788,Índice,Cifras definitivas
Nacional,Mensual,01/12/2015,"Índice nacional de precios al consumidor (mensual), Resumen, Subíndices subyacente y complementarios, Precios al Consumidor (INPC)",89.04681772,Índice,Cifras definitivas
Nacional,Mensual,01/01/2016,"Índice nacional de precios al consumidor (mensual), Resumen, Subíndices subyacente y complementarios, Precios al Consumidor (INPC)",89.38638139,Índice,Cifras definitivas
Nacional,Mensual,01/02/2016,"Índice nacional de precios al consumidor (mensual), Resumen, Subíndices subyacente y complementarios, Precios al Consumidor (INPC)",89.77778112,Índice,Cifras definitivas
Nacional,Mensual,01/03/2016,"Índice nacional de precios al consumidor (mensual), Resumen, Subíndices subyacente y complementarios, Precios al Consumidor (INPC)",89.9100006,Índice,Cifras definitivas
Nacional,Mensual,01/04/2016,"Índice nacional de precios al consumidor (mensual), Resumen, Subíndices subyacente y complementarios, Precios al Consumidor (INPC)",89.62527796,Índice,Cifras definitivas
Nacional,Mensual,01/05/2016,"Índice nacional de precios al consumidor (mensual), Resumen, Subíndices subyacente y complementarios, Precios al Consumidor (INPC)",89.22561452,Índice,Cifras definitivas
Nacional,Mensual,01/06/2016,"Índice nacional de precios al consumidor (mensual), Resumen, Subíndices subyacente y complementarios, Precios al Consumidor (INPC)",89.32402789,Índice,Cifras definitivas
Nacional,Mensual,01/07/2016,"Índice nacional de precios al consumidor (mensual), Resumen, Subíndices subyacente y complementarios, Precios al Consumidor (INPC)",89.55691448,Índice,Cifras definitivas
Nacional,Mensual,01/08/2016,"Índice nacional de precios al consumidor (mensual), Resumen, Subíndices subyacente y complementarios, Precios al Consumidor (INPC)",89.80933349,Índice,Cifras definitivas
Nacional,Mensual,01/09/2016,"Índice nacional de precios al consumidor (mensual), Resumen, Subíndices subyacente y complementarios, Precios al Consumidor (INPC)",90.35774385,Índice,Cifras definitivas
Nacional,Mensual,01/10/2016,"Índice nacional de precios al consumidor (mensual), Resumen, Subíndices subyacente y complementarios, Precios al Consumidor (INPC)",90.90615422,Índice,Cifras definitivas
Nacional,Mensual,01/11/2016,"Índice nacional de precios al consumidor (mensual), Resumen, Subíndices subyacente y complementarios, Precios al Consumidor (INPC)",91.61683394,Índice,Cifras definitivas
Nacional,Mensual,01/12/2016,"Índice nacional de precios al consumidor (mensual), Resumen, Subíndices subyacente y complementarios, Precios al Consumidor (INPC)",92.0390348,Índice,Cifras definitivas
Nacional,Mensual,01/01/2017,"Índice nacional de precios al consumidor (mensual), Resumen, Subíndices subyacente y complementarios, Precios al Consumidor (INPC)",93.60388244,Índice,Cifras definitivas
Nacional,Mensual,01/02/2017,"Índice nacional de precios al consumidor (mensual), Resumen, Subíndices subyacente y complementarios, Precios al Consumidor (INPC)",94.14478034,Índice,Cifras definitivas
Nacional,Mensual,01/03/2017,"Índice nacional de precios al consumidor (mensual), Resumen, Subíndices subyacente y complementarios, Precios al Consumidor (INPC)",94.72248933,Índice,Cifras definitivas
Nacional,Mensual,01/04/2017,"Índice nacional de precios al consumidor (mensual), Resumen, Subíndices subyacente y complementarios, Precios al Consumidor (INPC)",94.83893263,Índice,Cifras definitivas
Nacional,Mensual,01/05/2017,"Índice nacional de precios al consumidor (mensual), Resumen, Subíndices subyacente y complementarios, Precios al Consumidor (INPC)",94.72549432,Índice,Cifras definitivas
Nacional,Mensual,01/06/2017,"Índice nacional de precios al consumidor (mensual), Resumen, Subíndices subyacente y complementarios, Precios al Consumidor (INPC)",94.96363964,Índice,Cifras definitivas
Nacional,Mensual,01/07/2017,"Índice nacional de precios al consumidor (mensual), Resumen, Subíndices subyacente y complementarios, Precios al Consumidor (INPC)",95.32273574,Índice,Cifras definitivas
Nacional,Mensual,01/08/2017,"Índice nacional de precios al consumidor (mensual), Resumen, Subíndices subyacente y complementarios, Precios al Consumidor (INPC)",95.79376765,Índice,Cifras definitivas
Nacional,Mensual,01/09/2017,"Índice nacional de precios al consumidor (mensual), Resumen, Subíndices subyacente y complementarios, Precios al Consumidor (INPC)",96.09351524,Índice,Cifras definitivas
Nacional,Mensual,01/10/2017,"Índice nacional de precios al consumidor (mensual), Resumen, Subíndices subyacente y complementarios, Precios al Consumidor (INPC)",96.69826913,Índice,Cifras definitivas
Nacional,Mensual,01/11/2017,"Índice nacional de precios al consumidor (mensual), Resumen, Subíndices subyacente y complementarios, Precios al Consumidor (INPC)",97.69517399,Índice,Cifras definitivas
Nacional,Mensual,01/12/2017,"Índice nacional de precios al consumidor (mensual), Resumen, Subíndices subyacente y complementarios, Precios al Consumidor (INPC)",98.27288299,Índice,Cifras definitivas
Nacional,Mensual,01/01/2018,"Índice nacional de precios al consumidor (mensual), Resumen, Subíndices subyacente y complementarios, Precios al Consumidor (INPC)",98.7949997,Índice,Cifras definitivas
Nacional,Mensual,01/02/2018,"Índice nacional de precios al consumidor (mensual), Resumen, Subíndices subyacente y complementarios, Precios al Consumidor (INPC)",99.17137448,Índice,Cifras definitivas
Nacional,Mensual,01/03/2018,"Índice nacional de precios al consumidor (mensual), Resumen, Subíndices subyacente y complementarios, Precios al Consumidor (INPC)",99.49215698,Índice,Cifras definitivas
Nacional,Mensual,01/04/2018,"Índice nacional de precios al consumidor (mensual), Resumen, Subíndices subyacente y complementarios, Precios al Consumidor (INPC)",99.15484705,Índice,Cifras definitivas
Nacional,Mensual,01/05/2018,"Índice nacional de precios al consumidor (mensual), Resumen, Subíndices subyacente y complementarios, Precios al Consumidor (INPC)",98.99408017,Índice,Cifras definitivas
Nacional,Mensual,01/06/2018,"Índice nacional de precios al consumidor (mensual), Resumen, Subíndices subyacente y complementarios, Precios al Consumidor (INPC)",99.37646493,Índice,Cifras definitivas
Nacional,Mensual,01/07/2018,"Índice nacional de precios al consumidor (mensual), Resumen, Subíndices subyacente y complementarios, Precios al Consumidor (INPC)",99.9090991,Índice,Cifras definitivas
Nacional,Mensual,01/08/2018,"Índice nacional de precios al consumidor (mensual), Resumen, Subíndices subyacente y complementarios, Precios al Consumidor (INPC)",100.492,Índice,Cifras definitivas
Nacional,Mensual,01/09/2018,"Índice nacional de precios al consumidor (mensual), Resumen, Subíndices subyacente y complementarios, Precios al Consumidor (INPC)",100.917,Índice,Cifras definitivas
Nacional,Mensual,01/10/2018,"Índice nacional de precios al consumidor (mensual), Resumen, Subíndices subyacente y complementarios, Precios al Consumidor (INPC)",101.44,Índice,Cifras definitivas
Nacional,Mensual,01/11/2018,"Índice nacional de precios al consumidor (mensual), Resumen, Subíndices subyacente y complementarios, Precios al Consumidor (INPC)",102.303,Índice,Cifras definitivas
Nacional,Mensual,01/12/2018,"Índice nacional de precios al consumidor (mensual), Resumen, Subíndices subyacente y complementarios, Precios al Consumidor (INPC)",103.02,Índice,Cifras definitivas
Nacional,Mensual,01/01/2019,"Índice nacional de precios al consumidor (mensual), Resumen, Subíndices subyacente y complementarios, Precios al Consumidor (INPC)",103.108,Índice,Cifras definitivas
Nacional,Mensual,01/02/2019,"Índice nacional de precios al consumidor (mensual), Resumen, Subíndices subyacente y complementarios, Precios al Consumidor (INPC)",103.079,Índice,Cifras definitivas
Nacional,Mensual,01/03/2019,"Índice nacional de precios al consumidor (mensual), Resumen, Subíndices subyacente y complementarios, Precios al Consumidor (INPC)",103.476,Índice,Cifras definitivas
Nacional,Mensual,01/04/2019,"Índice nacional de precios al consumidor (mensual), Resumen, Subíndices subyacente y complementarios, Precios al Consumidor (INPC)",103.531,Índice,Cifras definitivas
Nacional,Mensual,01/05/2019,"Índice nacional de precios al consumidor (mensual), Resumen, Subíndices subyacente y complementarios, Precios al Consumidor (INPC)",103.233,Índice,Cifras definitivas
Nacional,Mensual,01/06/2019,"Índice nacional de precios al consumidor (mensual), Resumen, Subíndices subyacente y complementarios, Precios al Consumidor (INPC)",103.299,Índice,Cifras definitivas
Nacional,Mensual,01/07/2019,"Índice nacional de precios al consumidor (mensual), Resumen, Subíndices subyacente y complementarios, Precios al Consumidor (INPC)",103.687,Índice,Cifras definitivas
Nacional,Mensual,01/08/2019,"Índice nacional de precios al consumidor (mensual), Resumen, Subíndices subyacente y complementarios, Precios al Consumidor (INPC)",103.67,Índice,Cifras definitivas
Nacional,Mensual,01/09/2019,"Índice nacional de precios al consumidor (mensual), Resumen, Subíndices subyacente y complementarios, Precios al Consumidor (INPC)",103.942,Índice,Cifras definitivas
Nacional,Mensual,01/10/2019,"Índice nacional de precios al consumidor (mensual), Resumen, Subíndices subyacente y complementarios, Precios al Consumidor (INPC)",104.503,Índice,Cifras definitivas
Nacional,Mensual,01/11/2019,"Índice nacional de precios al consumidor (mensual), Resumen, Subíndices subyacente y complementarios, Precios al Consumidor (INPC)",105.346,Índice,Cifras definitivas
Nacional,Mensual,01/12/2019,"Índice nacional de precios al consumidor (mensual), Resumen, Subíndices subyacente y complementarios, Precios al Consumidor (INPC)",105.934,Índice,Cifras definitivas
Nacional,Mensual,01/01/2020,"Índice nacional de precios al consumidor (mensual), Resumen, Subíndices subyacente y complementarios, Precios al Consumidor (INPC)",106.447,Índice,Cifras definitivas
Nacional,Mensual,01/02/2020,"Índice nacional de precios al consumidor (mensual), Resumen, Subíndices subyacente y complementarios, Precios al Consumidor (INPC)",106.889,Índice,Cifras definitivas
Nacional,Mensual,01/03/2020,"Índice nacional de precios al consumidor (mensual), Resumen, Subíndices subyacente y complementarios, Precios al Consumidor (INPC)",106.838,Índice,Cifras definitivas
Nacional,Mensual,01/04/2020,"Índice nacional de precios al consumidor (mensual), Resumen, Subíndices subyacente y complementarios, Precios al Consumidor (INPC)",105.755,Índice,Cifras definitivas
Nacional,Mensual,01/05/2020,"Índice nacional de precios al consumidor (mensual), Resumen, Subíndices subyacente y complementarios, Precios al Consumidor (INPC)",106.162,Índice,Cifras definitivas
Nacional,Mensual,01/06/2020,"Índice nacional de precios al consumidor (mensual), Resumen, Subíndices subyacente y complementarios, Precios al Consumidor (INPC)",106.743,Índice,Cifras definitivas
Nacional,Mensual,01/07/2020,"Índice nacional de precios al consumidor (mensual), Resumen, Subíndices subyacente y complementarios, Precios al Consumidor (INPC)",107.444,Índice,Cifras definitivas
Nacional,Mensual,01/08/2020,"Índice nacional de precios al consumidor (mensual), Resumen, Subíndices subyacente y complementarios, Precios al Consumidor (INPC)",107.867,Índice,Cifras definitivas
Nacional,Mensual,01/09/2020,"Índice nacional de precios al consumidor (mensual), Resumen, Subíndices subyacente y complementarios, Precios al Consumidor (INPC)",108.114,Índice,Cifras definitivas
Nacional,Mensual,01/10/2020,"Índice nacional de precios al consumidor (mensual), Resumen, Subíndices subyacente y complementarios, Precios al Consumidor (INPC)",108.774,Índice,Cifras definitivas
Nacional,Mensual,01/11/2020,"Índice nacional de precios al consumidor (mensual), Resumen, Subíndices subyacente y complementarios, Precios al Consumidor (INPC)",108.856,Índice,Cifras definitivas
Nacional,Mensual,01/12/2020,"Índice nacional de precios al consumidor (mensual), Resumen, Subíndices subyacente y complementarios, Precios al Consumidor (INPC)",109.271,Índice,Cifras definitivas
Nacional,Mensual,01/01/2021,"Índice nacional de precios al consumidor (mensual), Resumen, Subíndices subyacente y complementarios, Precios al Consumidor (INPC)",110.21,Índice,Cifras definitivas
Nacional,Mensual,01/02/2021,"Índice nacional de precios al consumidor (mensual), Resumen, Subíndices subyacente y complementarios, Precios al Consumidor (INPC)",110.907,Índice,Cifras definitivas
Nacional,Mensual,01/03/2021,"Índice nacional de precios al consumidor (mensual), Resumen, Subíndices subyacente y complementarios, Precios al Consumidor (INPC)",111.824,Índice,Cifras definitivas
Nacional,Mensual,01/04/2021,"Índice nacional de precios al consumidor (mensual), Resumen, Subíndices subyacente y complementarios, Precios al Consumidor (INPC)",112.19,Índice,Cifras definitivas
Nacional,Mensual,01/05/2021,"Índice nacional de precios al consumidor (mensual), Resumen, Subíndices subyacente y complementarios, Precios al Consumidor (INPC)",112.419,Índice,Cifras definitivas
Nacional,Mensual,01/06/2021,"Índice nacional de precios al consumidor (mensual), Resumen, Subíndices subyacente y complementarios, Precios al Consumidor (INPC)",113.018,Índice,Cifras definitivas
Nacional,Mensual,01/07/2021,"Índice nacional de precios al consumidor (mensual), Resumen, Subíndices subyacente y complementarios, Precios al Consumidor (INPC)",113.682,Índice,Cifras definitivas
Nacional,Mensual,01/08/2021,"Índice nacional de precios al consumidor (mensual), Resumen, Subíndices subyacente y complementarios, Precios al Consumidor (INPC)",113.899,Índice,Cifras definitivas
Nacional,Mensual,01/09/2021,"Índice nacional de precios al consumidor (mensual), Resumen, Subíndices subyacente y complementarios, Precios al Consumidor (INPC)",114.601,Índice,Cifras definitivas
Nacional,Mensual,01/10/2021,"Índice nacional de precios al consumidor (mensual), Resumen, Subíndices subyacente y complementarios, Precios al Consumidor (INPC)",115.561,Índice,Cifras definitivas
Nacional,Mensual,01/11/2021,"Índice nacional de precios al consumidor (mensual), Resumen, Subíndices subyacente y complementarios, Precios al Consumidor (INPC)",116.884,Índice,Cifras definitivas
Nacional,Mensual,01/12/2021,"Índice nacional de precios al consumidor (mensual), Resumen, Subíndices subyacente y complementarios, Precios al Consumidor (INPC)",117.308,Índice,Cifras definitivas
Nacional,Mensual,01/01/2022,"Índice nacional de precios al consumidor (mensual), Resumen, Subíndices subyacente y complementarios, Precios al Consumidor (INPC)",118.002,Índice,Cifras definitivas
Nacional,Mensual,01/02/2022,"Índice nacional de precios al consumidor (mensual), Resumen, Subíndices subyacente y complementarios, Precios al Consumidor (INPC)",118.981,Índice,Cifras definitivas
Nacional,Mensual,01/03/2022,"Índice nacional de precios al consumidor (mensual), Resumen, Subíndices subyacente y complementarios, Precios al Consumidor (INPC)",120.159,Índice,Cifras definitivas
Nacional,Mensual,01/04/2022,"Índice nacional de precios al consumidor (mensual), Resumen, Subíndices subyacente y complementarios, Precios al Consumidor (INPC)",120.809,Índice,Cifras definitivas
Nacional,Mensual,01/05/2022,"Índice nacional de precios al consumidor (mensual), Resumen, Subíndices subyacente y complementarios, Precios al Consumidor (INPC)",121.022,Índice,Cifras definitivas
Nacional,Mensual,01/06/2022,"Índice nacional de precios al consumidor (mensual), Resumen, Subíndices subyacente y complementarios, Precios al Consumidor (INPC)",122.044,Índice,Cifras definitivas
Nacional,Mensual,01/07/2022,"Índice nacional de precios al consumidor (mensual), Resumen, Subíndices subyacente y complementarios, Precios al Consumidor (INPC)",122.948,Índice,Cifras definitivas
Nacional,Mensual,01/08/2022,"Índice nacional de precios al consumidor (mensual), Resumen, Subíndices subyacente y complementarios, Precios al Consumidor (INPC)",123.803,Índice,Cifras definitivas
Nacional,Mensual,01/09/2022,"Índice nacional de precios al consumidor (mensual), Resumen, Subíndices subyacente y complementarios, Precios al Consumidor (INPC)",124.571,Índice,Cifras definitivas
Nacional,Mensual,01/10/2022,"Índice nacional de precios al consumidor (mensual), Resumen, Subíndices subyacente y complementarios, Precios al Consumidor (INPC)",125.276,Índice,Cifras definitivas
Nacional,Mensual,01/11/2022,"Índice nacional de precios al consumidor (mensual), Resumen, Subíndices subyacente y complementarios, Precios al Consumidor (INPC)",125.997,Índice,Cifras definitivas
Nacional,Mensual,01/12/2022,"Índice nacional de precios al consumidor (mensual), Resumen, Subíndices subyacente y complementarios, Precios al Consumidor (INPC)",126.478,Índice,Cifras definitivas
Nacional,Mensual,01/01/2023,"Índice nacional de precios al consumidor (mensual), Resumen, Subíndices subyacente y complementarios, Precios al Consumidor (INPC)",127.336,Índice,Cifras definitivas
Nacional,Mensual,01/02/2023,"Índice nacional de precios al consumidor (mensual), Resumen, Subíndices subyacente y complementarios, Precios al Consumidor (INPC)",128.046,Índice,Cifras definitivas
Nacional,Mensual,01/03/2023,"Índice nacional de precios al consumidor (mensual), Resumen, Subíndices subyacente y complementarios, Precios al Consumidor (INPC)",128.389,Índice,Cifras definitivas
Nacional,Mensual,01/04/2023,"Índice nacional de precios al consumidor (mensual), Resumen, Subíndices subyacente y complementarios, Precios al Consumidor (INPC)",128.363,Índice,Cifras definitivas
Nacional,Mensual,01/05/2023,"Índice nacional de precios al consumidor (mensual), Resumen, Subíndices subyacente y complementarios, Precios al Consumidor (INPC)",128.084,Índice,Cifras definitivas
Nacional,Mensual,01/06/2023,"Índice nacional de precios al consumidor (mensual), Resumen, Subíndices subyacente y complementarios, Precios al Consumidor (INPC)",128.214,Índice,Cifras definitivas
Nacional,Mensual,01/07/2023,"Índice nacional de precios al consumidor (mensual), Resumen, Subíndices subyacente y complementarios, Precios al Consumidor (INPC)",128.832,Índice,Cifras definitivas
Nacional,Mensual,01/08/2023,"Índice nacional de precios al consumidor (mensual), Resumen, Subíndices subyacente y complementarios, Precios al Consumidor (INPC)",129.545,Índice,Cifras definitivas
Nacional,Mensual,01/09/2023,"Índice nacional de precios al consumidor (mensual), Resumen, Subíndices subyacente y complementarios, Precios al Consumidor (INPC)",130.12,Índice,Cifras definitivas
Nacional,Mensual,01/10/2023,"Índice nacional de precios al consumidor (mensual), Resumen, Subíndices subyacente y complementarios, Precios al Consumidor (INPC)",130.609,Índice,Cifras definitivas
Nacional,Mensual,01/11/2023,"Índice nacional de precios al consumidor (mensual), Resumen, Subíndices subyacente y complementarios, Precios al Consumidor (INPC)",131.445,Índice,Cifras definitivas
Nacional,Mensual,01/12/2023,"Índice nacional de precios al consumidor (mensual), Resumen, Subíndices subyacente y complementarios, Precios al Consumidor (INPC)",132.373,Índice,Cifras definitivas
Nacional,Mensual,01/01/2024,"Índice nacional de precios al consumidor (mensual), Resumen, Subíndices subyacente y complementarios, Precios al Consumidor (INPC)",133.555,Índice,Cifras definitivas
Nacional,Mensual,01/02/2024,"Índice nacional de precios al consumidor (mensual), Resumen, Subíndices subyacente y complementarios, Precios al Consumidor (INPC)",133.681,Índice,Cifras definitivas
Nacional,Mensual,01/03/2024,"Índice nacional de precios al consumidor (mensual), Resumen, Subíndices subyacente y complementarios, Precios al Consumidor (INPC)",134.065,Índice,Cifras definitivas
Nacional,Mensual,01/04/2024,"Índice nacional de precios al consumidor (mensual), Resumen, Subíndices subyacente y complementarios, Precios al Consumidor (INPC)",134.336,Índice,Cifras definitivas
Nacional,Mensual,01/05/2024,"Índice nacional de precios al consumidor (mensual), Resumen, Subíndices subyacente y complementarios, Precios al Consumidor (INPC)",134.087,Índice,Cifras definitivas
Nacional,Mensual,01/06/2024,"Índice nacional de precios al consumidor (mensual), Resumen, Subíndices subyacente y complementarios, Precios al Consumidor (INPC)",134.594,Índice,Cifras definitivas
Nacional,Mensual,01/07/2024,"Índice nacional de precios al consumidor (mensual), Resumen, Subíndices subyacente y complementarios, Precios al Consumidor (INPC)",136.003,Índice,Cifras definitivas
Nacional,Mensual,01/08/2024,"Índice nacional de precios al consumidor (mensual), Resumen, Subíndices subyacente y complementarios, Precios al Consumidor (INPC)",136.013,Índice,Cifras definitivas
Nacional,Mensual,01/09/2024,"Índice nacional de precios al consumidor (mensual), Resumen, Subíndices subyacente y complementarios, Precios al Consumidor (INPC)",136.08,Índice,Cifras definitivas
Nacional,Mensual,01/10/2024,"Índice nacional de precios al consumidor (mensual), Resumen, Subíndices subyacente y complementarios, Precios al Consumidor (INPC)",136.828,Índice,Cifras definitivas
Nacional,Mensual,01/11/2024,"Índice nacional de precios al consumidor (mensual), Resumen, Subíndices subyacente y complementarios, Precios al Consumidor (INPC)",137.424,Índice,Cifras definitivas
Nacional,Mensual,01/12/2024,"Índice nacional de precios al consumidor (mensual), Resumen, Subíndices subyacente y complementarios, Precios al Consumidor (INPC)",137.949,Índice,Cifras definitivas
Nacional,Mensual,01/01/2025,"Índice nacional de precios al consumidor (mensual), Resumen, Subíndices subyacente y complementarios, Precios al Consumidor (INPC)",138.343,Índice,Cifras definitivas
Nacional,Mensual,01/02/2025,"Índice nacional de precios al consumidor (mensual), Resumen, Subíndices subyacente y complementarios, Precios al Consumidor (INPC)",138.726,Índice,Cifras definitivas
Nacional,Mensual,01/03/2025,"Índice nacional de precios al consumidor (mensual), Resumen, Subíndices subyacente y complementarios, Precios al Consumidor (INPC)",139.161,Índice,Cifras definitivas
Nacional,Mensual,01/04/2025,"Índice nacional de precios al consumidor (mensual), Resumen, Subíndices subyacente y complementarios, Precios al Consumidor (INPC)",139.62,Índice,Cifras definitivas
Nacional,Mensual,01/05/2025,"Índice nacional de precios al consumidor (mensual), Resumen, Subíndices subyacente y complementarios, Precios al Consumidor (INPC)",140.012,Índice,Cifras definitivas
Nacional,Mensual,01/06/2025,"Índice nacional de precios al consumidor (mensual), Resumen, Subíndices subyacente y complementarios, Precios al Consumidor (INPC)",140.405,Índice,Cifras definitivas
Nacional,Mensual,01/07/2025,"Índice nacional de precios al consumidor (mensual), Resumen, Subíndices subyacente y complementarios, Precios al Consumidor (INPC)",140.78,Índice,Cifras definitivas
Nacional,Mensual,01/08/2025,"Índice nacional de precios al consumidor (mensual), Resumen, Subíndices subyacente y complementarios, Precios al Consumidor (INPC)",140.867,Índice,Cifras definitivas
Nacional,Mensual,01/09/2025,"Índice nacional de precios al consumidor (mensual), Resumen, Subíndices subyacente y complementarios, Precios al Consumidor (INPC)",141.197,Índice,Cifras definitivas
Nacional,Mensual,01/10/2025,"Índice nacional de precios al consumidor (mensual), Resumen, Subíndices subyacente y complementarios, Precios al Consumidor (INPC)",141.708,Índice,Cifras definitivas
Nacional,Mensual,01/11/2025,"Índice nacional de precios al consumidor (mensual), Resumen, Subíndices subyacente y complementarios, Precios al Consumidor (INPC)",142.645,Índice,Cifras definitivas
Nacional,Mensual,01/12/2025,"Índice nacional de precios al consumidor (mensual), Resumen, Subíndices subyacente y complementarios, Precios al Consumidor (INPC)",143.042,Índice,Cifras definitivas
Nacional,Mensual,01/01/2026,"Índice nacional de precios al consumidor (mensual), Resumen, Subíndices subyacente y complementarios, Precios al Consumidor (INPC)",143.588,Índice,Cifras definitivas
Nacional,Mensual,01/02/2026,"Índice nacional de precios al consumidor (mensual), Resumen, Subíndices subyacente y complementarios, Precios al Consumidor (INPC)",144.307,Índice,Cifras definitivas
Nacional,Mensual,01/03/2026,"Índice nacional de precios al consumidor (mensual), Resumen, Subíndices subyacente y complementarios, Precios al Consumidor (INPC)",145.544,Índice,Cifras definitivas
Nacional,Mensual,01/04/2026,"Índice nacional de precios al consumidor (mensual), Resumen, Subíndices subyacente y complementarios, Precios al Consumidor (INPC)",145.831,Índice,Cifras definitivas
