Año,Mes,Aguascalientes,Baja California,Baja California Sur,Campeche,Ciudad de México,Chiapas,Chihuahua,Coahuila,Colima,Durango,Edo. México,Guanajuato,Guerrero,Hidalgo,Jalisco,Michoacán,Morelos,Nayarit,Nuevo León,Oaxaca,Puebla,Querétaro,Quintana Roo,San Luis Potosí,Sinaloa,Sonora,Tabasco,Tamaulipas,Tlaxcala,Veracruz,Yucatán,Zacatecas,Nacional
2007,1,9.864705882,10.61,10,9.511764706,8.292628676,8.584782609,9.363043478,9.380434783,9.341176471,7.823913043,8.278823529,8.424347826,9.912173913,8.752941176,8.715343137,8.373529412,10.63470588,9.294117647,9.081127451,8.22,8.400434783,8.929411765,10.14545455,8.7925,8.694117647,11.4275,10.66235294,9.571971831,8.311764706,9.420294118,9.09,8.435294118,8.914917588
2007,2,9.804347826,11.125,9.304347826,9,8.261304348,7.828913043,8.730869565,8.79173913,8.5,7.855217391,8.29,8.173695652,9.71,8.5,8.415217391,8.445217391,9.874347826,8.5,8.510869565,8.029565217,7.823478261,8.730434783,9.793478261,8.83,8.5,10.92898551,9.567826087,9.36826087,8,9.002608696,8.832608696,8.434782609,8.697604304
2007,3,9.626923077,11.0525,9,9,8.25,8.029230769,8.738653846,8.75,8.5,7.843461538,8.283846154,8.098653846,9.667692308,8.5,8.424615385,8.432692308,9.83,8.5,8.5,8.006538462,7.779038462,8.6,9.774038462,8.83,8.5,10.74038462,9.5,9.251769231,8,8.888269231,8.86,8,8.670153192
2007,4,9.6,11.10636364,9.109090909,9.090909091,8.25,8.04,8.704318182,8.75,8.5,7.815,8.289545455,8.065909091,9.71,8.5,8.426363636,8.43,9.83,8.5,8.5,8,7.718636364,8.7,9.625,8.845454545,8.5,10.75,9.5,9.46,8,8.666704545,8.86,8.068181818,8.666528636
2007,5,9.6,11.09021739,9.6,9.25,8.247826087,8.038695652,8.72,8.752826087,8.5,7.815,8.284347826,8.065,9.73173913,8.5,8.422391304,8.436086957,9.83,8.5,8.5,8.014782609,7.761521739,8.8,9.619565217,8.847391304,8.5,10.83333333,9.5,9.486086957,8,8.54076087,8.79,8.5,8.673592957
2007,6,9.6,11.15,9.6,9.25,8.245,8.182142857,8.72,8.753095238,8.5,7.815,8.29,8.065,9.835,8.5,8.440952381,8.43,9.83,8.5,8.5,8.008095238,7.751904762,8.8,9.625,8.85,8.5,10.83333333,9.5,9.56,8,8.526785714,8.79,8.5,8.685619333
2007,7,9.6,11.15,9.6,9.25,8.245,8.25,8.714,8.75,8.5,7.815,8.29,8.065,9.835,8.5,8.44,8.43,9.83,8.5,8.5,8.034,7.754,8.8,9.625,8.85,8.5,10.83333333,9.5,9.56,8,8.5625,8.804,8.5,8.6875614
2007,8,9.6,11.15,9.6,9.25,8.245,8.25,8.72,8.75,8.5,7.815,8.29,8.065,9.835,8.5,8.44,8.43,9.83,8.5,8.5,8,7.77,8.8,9.625,8.85,8.5,10.83333333,9.5,9.56,8,8.5625,8.86,8.5,8.689521
2007,9,9.6,11.15,9.6,9.25,8.245,8.25,8.6575,8.75,8.5,7.9075,8.29,8.065,9.835,8.5,8.44,8.43,9.83,8.5,8.5,8,7.77,8.8,9.625,8.91,8.5,10.83333333,9.5,9.56,8,8.578125,8.86,8.5,8.690735
2007,10,9.6,11.15,9.6,9.25,8.245,8.25,8.72,8.815,8.5,8,8.29,8.039,9.835,8.5,8.44,8.5,9.83,8.5,8.5,8,7.77,8.8,9.625,8.77,8.5,10.83333333,9.5,9.56,8,8.575,8.86,8.5,8.6938684
2007,11,9.6,11.15,9.6,9.3125,8.245,8.29,8.72,8.815,8.625,7.90875,8.29,8,9.835,8.5,8.44,8.5,9.83,8.5,8.5,8,7.77,8.8,9.375,8.93,8.5,10.83333333,9.5,9.56,8,8.5625,9,8.5,8.69303525
2007,12,9.6,11.102,9.6,9.3,8.245,8.299,8.72,8.89,9,7.94,8.29,8,9.835,8.5,8.44,8.5,9.83,8.5,8.521,8,7.742,8.8,9.025,8.93,8.5,10.83333333,9.5,9.56,8,8.6375,9,8.5,8.6920904
2008,1,9.692307692,11.13461538,9.730769231,9.25,8.258076923,8.324230769,9.211153846,8.736538462,9.423076923,7.843846154,8.29,8,9.869615385,8.480769231,8.430769231,8.5,10.91,8.915384615,8.535,8.013076923,7.82,8.8,9.471153846,8.93,8.5,10.83333333,9.523076923,9.592923077,8,8.608269231,9,8.5,8.736346538
2008,2,9.7,11.15,9.8,9.270833333,8.265,8.368333333,9.315,8.615,9.5,7.815,8.29,8,9.885,8.5,8.4025,8.5,11,9.041666667,8.50875,8,7.81875,8.8,9.96875,8.935833333,8.5,10.83333333,9.875,9.7,8.083333333,8.845,9,8.5,8.767915583
2008,3,9.7,11.15,9.8,9.25,8.265,8.335,9.315,8.570454545,9.5,7.815,8.29,8,9.885,8.5,8.393636364,8.5,11,9,8.5,8,7.845909091,8.8,10,9,8.5,10.83333333,9.9,9.703090909,8,8.858636364,9.171818182,8.5,8.768940727
2008,4,9.7,11.24230769,9.938461538,9.326923077,8.265,8.345384615,9.141923077,8.557692308,9.5,7.914615385,8.29,8,9.917692308,8.5,8.430769231,8.5,10.68076923,9.384615385,8.5,8.091538462,7.835,8.8,10,9,8.5,10.83333333,9.9,9.764461538,8,8.960384615,9.303076923,8.5,8.780245385
2008,5,9.725,11.25,10,9.5,8.262083333,8.370833333,9.065,8.75,9.5,8.037916667,8.29,8,9.99125,8.5,8.407083333,8.678333333,10.72083333,9.5,8.497083333,8.17,7.835,8.8,10,9,8.5,10.83333333,10.05,9.825666667,8,9.325416667,9.525,8.5,8.804563833
2008,6,9.8,11.15769231,10,9.5,8.288846154,8.426923077,9.065,8.75,9.5,8.065,8.29,8,10.46,8.5,8.419230769,9.536923077,11.04846154,9.5,8.5,8.164615385,7.835,8.8,10,9,8.5,10.83333333,10.24615385,9.880153846,8,9.584038462,9.892307692,8.5,8.860303462
2008,7,9.8,11.18846154,10,9.5,8.315,8.45,9.065,8.75,9.5,8.065,8.29,8.276923077,10.32346154,8.5,8.819230769,9.64,11.94846154,9.5,8.5,8.164615385,7.767692308,9.1,10,9,8.5,10.83333333,9.9,9.910923077,8,9.645,10.05923077,8.5,8.923983846
2008,8,9.8,11.25,10,9.5,8.336538462,8.45,9.065,8.75,9.5,8.044230769,8.29,8.738461538,10.67153846,8.5,9.205769231,9.64,12,9.5,8.956923077,8.17,7.686923077,9.5,10,9,8.5,10.83333333,9.9,10.03892308,8,9.6325,10.07,8.5,9.031345692
2008,9,9.8,11.25,10,9.5,8.358076923,8.45,9.065,8.75,10.76923077,8.13,8.29,8.7,10.71,8.5,9.393846154,9.64,12,9.643846154,9.58,8.17,8.071538462,9.5,10,9,8.5,10.83333333,9.9,10.27369231,8,9.863461538,10.07,8.5,9.131666231
2008,10,9.8,11.25,10,9.5,8.423214286,8.460714286,9.065,8.75,11,8.19,8.29,8.619642857,10.93,8.482142857,9.473214286,9.64,12,9.67,9.676428571,8.17,8.092142857,9.685714286,10,9,8.714285714,10.83333333,9.9,10.44442857,8,9.93375,10.07,8.5,9.185553214
2008,11,9.836363636,11.43181818,10,9.5,8.470454545,8.5,9.065,8.75,11,8.19,8.29,8.575,11.21,8.5,9.445,9.659090909,12,9.67,9.587727273,8.17,8.11,9.972727273,10,9,8.904545455,10.83333333,9.9,10.53981818,8,9.8825,10.07,8.5,9.209447
2008,12,9.814285714,11.75,10,9.5,8.465357143,8.5,9.065,8.75,11,8.332857143,8.29,8.503571429,11.21,8.5,9.395,9.71,12,9.784285714,9.439285714,8.184285714,7.998571429,10,10,9,8.92,10.83333333,9.928571429,10.53942857,8,9.964642857,10.09071429,8.5,9.208638857
2009,1,9.8,11.92307692,10,9.5,8.468461538,8.5,9.061153846,8.75,11,8.497692308,8.29,8.45,11.32423077,8.5,9.439230769,9.71,12,9.83,9.469615385,8.209230769,7.961538462,10,10,9,8.92,10.83333333,10.35384615,10.55061538,8,9.97,10.42461538,8.5,9.235879846
2009,2,9.8,12,10,10.11363636,8.468181818,8.5,9.065,8.592727273,11,8.565,8.29,8.45,11.35954545,8.5,9.454545455,9.753636364,12,9.907272727,9.462272727,8.17,7.981818182,10,10.13636364,9,8.92,11.24242424,10.78181818,10.566,8,9.97,10.57,8.5,9.266133273
2009,3,9.8,12,10.83333333,10.25,8.46125,8.5,9.098333333,8.72,11,8.58,8.313333333,8.45,11.37,8.5,9.475,9.71,12,10,9.47375,8.17,7.854583333,10,10.40625,9,8.986666667,11.33333333,11,10.566,8,10.025,10.73833333,8.5,9.291229083
2009,4,9.8,12,11,10.25,8.475,8.5,9.125,8.979166667,11,8.65125,8.43,8.45,11.375,8.75,9.48375,9.71,12,10.22,9.477916667,8.17,8.020416667,10,10.64583333,9,9.21,11.33333333,11,10.566,8,10.065,10.97666667,8.5,9.337425167
2009,5,9.8,11.98958333,11,10.25,8.4725,8.5,9.64125,9,11,8.75,8.64,8.45,11.375,8.75,9.49,9.71,12,10.33,9.475,8.17,7.893333333,10,10.75,9,9.42,11.33333333,11,10.68266667,8,10.065,11,8.5,9.370699333
2009,6,9.8,12.04807692,11,10.25,8.476538462,8.5,9.665,9,11,8.75,8.71,8.45,11.375,8.75,9.49,9.71,12,10.33,9.471153846,8.293076923,7.821538462,10,10.75,9.769230769,9.42,11.33333333,11,10.55446154,8,10.14192308,11,8.5,9.387217154
2009,7,9.8,12.125,11,10.25,8.483214286,8.5,9.765,9.008928571,11,8.75,8.71,8.45,11.375,8.75,9.49,9.71,12,10.33,9.465,8.33,7.925,10,10.75,10,9.42,11.33333333,11,10.516,8,10.2525,11,8.5,9.406958071
2009,8,9.8,12.125,11,10.25,8.486538462,8.5,9.765,9,11,8.75,8.71,8.45,11.375,8.75,9.448076923,9.71,12,10.33,9.493846154,8.33,7.904230769,10,10.75,10,9.42,11.33333333,10.81538462,10.516,8,10.2475,11,8.5,9.399873077
2009,9,9.8,12.125,11.25,10.25,8.49,8.516666667,9.785,9,11,8.75,8.71,8.45,11.375,8.75,9.39,9.71,12,10.33,9.52,8.33,7.895,10,10.75,10,9.42,11.33333333,10.775,10.516,8,10.22,11,8.5,9.39844075
2009,10,9.8,12.125,12,10.25,8.492692308,8.7,9.825,9.634615385,11,8.694615385,8.71,8.45,11.375,8.75,9.39,9.618461538,12,10.33,10.61884615,8.408461538,7.895,10,10.75,10,9.843076923,11.35897436,10.8,10.516,8,10.22,11,8.5,9.494904385
2009,11,9.8,12.125,12,10.5,8.492272727,9.154545455,9.825,9.75,11,8.69,8.71,8.45,11.375,8.75,9.39,9.57,12,10.33,10.97681818,8.5,7.897727273,10,10.88636364,10,10.28363636,11.63636364,11.27272727,10.69781818,8,10.22,11,9.045454545,9.562834909
2009,12,9.8,12.125,12,10.65,8.488,9.4,10.1235,9.875,11,8.69,8.71,8.625,11.375,8.75,9.39,9.57,12,10.33,11.022,8.517,7.907,10,11.7,10,10.42,11.71666667,11.72,11.2088,8,10.295,11,9.5,9.6370742
2010,1,9.8,12.125,12,10.75,8.48625,9.658333333,10.94,10.03125,11,8.809583333,8.79,8.96875,11.2,8.75,9.39,9.57,12,11,11.1675,9.17,7.968333333,10,12,10,10.7475,12.41666667,11.73333333,11.33616667,8,10.50895833,11.3525,9.5,9.742591083
2010,2,9.8,12.36363636,12,10.54545455,8.525,9.781818182,10.94,10.25,11,8.815,8.79,8.95,11.065,8.75,9.39,9.57,12,11,11.27454545,9.17,7.975,10,12,10,10.83,12.41666667,11.70909091,11.282,8,10.47,11.65454545,9.5,9.779253182
2010,3,9.8,12.5,12,11.09615385,8.535,9.911538462,10.94,10.25,11,8.815,8.79,9.05,11.065,8.769230769,9.39,9.57,12,11,11.28,9.17,7.975,10,12,10,10.83,12.41666667,11.8,11.282,8,10.47,11.67,9.5,9.802714231
2010,4,9.8,12.6,12,11.75,8.535,9.95,11.00166667,10.25,11,8.87,8.79,9.05,11.065,9.25,9.39,9.57,12,11,11.27666667,9.17,7.995416667,10,12,10,10.83,12.41666667,11.8,11.32366667,8,10.47,11.67,9.5,9.8187685
2010,5,9.8,12.725,12,11.75,8.534166667,9.95,11.2,10.33333333,11,8.875,8.79,9.05,11.15791667,9.25,9.39,9.57,12,11,11.29375,9.17,7.915,10,12,10,10.83,12.41666667,11.8,11.382,8,10.50125,11.75,9.5,9.835693083
2010,6,9.8,12.8,12,11.75,8.53,9.95,11.2,10.375,11,8.875,8.79,9.05,11.315,9.25,9.391538462,9.57,12,11,11.26653846,9.280769231,7.945769231,10,12,10,10.83,12.41666667,11.8,11.382,8,10.595,11.83,9.5,9.846373615
2010,7,9.8,12.8,12,11.75,8.53,9.95,11.2,10.375,11,8.875,8.79,9.05,11.315,9.25,9.39,9.57,12,11,11.24,9.33,7.962692308,10,12,10,10.83,12.41666667,11.8,11.382,8,10.595,11.96076923,9.5,9.847860077
2010,8,9.8,12.8,12,11.75,8.53,9.95,11.2,10.375,11,8.875,8.79,9.05,11.315,9.25,9.39,9.57,12,11,11.24,9.33,7.929615385,10,12,10,10.83,12.41666667,11.8,11.382,8,10.595,12,9.5,9.846844846
2010,9,9.8,12.8,12,11.75,8.53,9.95,11.2,10.375,11,8.875,8.79,9.05,11.315,9.25,9.39,9.57,12,11,11.24,9.33,7.925,10,12,10,10.77,12.41666667,11.8,11.382,8,10.58022727,12,9.5,9.845578818
2010,10,9.8,12.8,12,11.75,8.53,9.95,11.2,10.375,11,8.875,8.79,9.05,11.315,9.25,9.39,9.57,12,11,11.24,9.33,7.928076923,10,12,10,10.83,12.41666667,11.73846154,11.382,8,10.57,12,9.5,9.846259308
2010,11,9.8,12.8,12,11.75,8.53,9.92375,11.21666667,10.375,11,9.635416667,8.79,9.05,11.315,9.25,9.473333333,9.57,12.44416667,11,11.2325,9.33,7.88375,10,12,10,10.83,12.41666667,11.8125,11.382,8,10.63020833,12,9.5,9.863373833
2010,12,9.8,12.85714286,12,11.75,8.533571429,9.928571429,11.50714286,10.375,11.32142857,9.9375,8.91,9.446428571,11.60964286,9.375,9.545357143,9.664285714,13.48785714,11.07142857,11.23642857,9.474285714,7.906071429,10,12,10,11.32142857,12.50595238,11.92857143,11.37485714,8.214285714,10.82464286,12,9.5,9.932142714
2011,1,9.8,12.98461538,12,11.75,8.836923077,10.07153846,11.44,10.53576923,11.5,9.875,9,9.55,12,9.5,9.645,9.720769231,13.5,12,11.295,10.4,7.874230769,10,12,10,11.67,12.58333333,11.99230769,11.50569231,9,10.9075,12,9.5,10.10156077
2011,2,9.8,13.21090909,12,11.75,9.164545455,10.165,11.42181818,10.59909091,11.77272727,9.886363636,9.065454545,9.754545455,12,9.5,9.645,10.27272727,13.68181818,12,11.295,10.67,8.205454545,10.36363636,12,10,11.67,12.78030303,12,11.516,9,11.27954545,12.04636364,9.5,10.27382136
2011,3,10.53333333,13.96083333,12.16666667,11.75,9.460416667,10.2,11.34,10.69,13,10.22,9.36,10.38333333,12.28208333,9.5,9.685,10.97,14.30583333,12,11.31708333,10.67,9.31375,11,12.08333333,10.52833333,11.8075,13.05555556,12.08333333,11.75533333,9.375,11.71875,12.43166667,11.16666667,10.59254675
2011,4,10.86666667,14.2,13,13.35416667,9.6,10.89625,11.62333333,12.2525,13,10.44,9.36,10.14583333,12.375,9.8,9.685,11,14.67,12.86083333,11.83833333,10.67,9.311666667,11.06666667,13.5,10.445,12.6225,13.61111111,13.16666667,12.13816667,9.5,11.93229167,12.8725,11.5,10.84838208
2011,5,11,14.2,13,13.5,9.600384615,11.15384615,11.64,12.315,13,10.44,9.36,10.27307692,12.375,10,9.685,11.01076923,14.67,13,12.33615385,10.67,9.268076923,11.09230769,14,10.34769231,12.96076923,13.80769231,13.2,12.30323077,9.5,11.95192308,13,11.5,10.944319
2011,6,11,14.2,13,13.5,9.613846154,11.5,11.71692308,12.315,13,10.44,9.36,10.35,12.375,10,9.885769231,11.07,14.67,13,12.47038462,10.65692308,9.26,11.1,14,10.5,13,13.75,13.2,12.36476923,9.5,12.05288462,13,11.5,10.98907977
2011,7,11,14.2,13,13.5,9.631923077,11.5,11.74461538,12.315,13,10.45923077,9.36,10.35,12.375,10,10.15,11.07,14.67,13,12.58461538,10.77153846,9.244615385,11.35384615,14,10.43461538,13,13.75,12.98461538,12.434,9.5,12.17788462,13.03076923,11.5,11.03355038
2011,8,11,14.17857143,13,13.5,9.625,11.5,11.73535714,12.315,13,10.565,9.36,10.35,12.375,10.46428571,10.15,11.07,14.67,13,12.61071429,11.33,9.205,12,14,10.33,13,13.75,12.90714286,12.534,9.5,12.17410714,13.08,11.5,11.05115436
2011,9,11,14.2,13,13.5,9.6275,11.5,11.74,12.315,13,10.565,9.36,10.35,12.79166667,10.5,10.33958333,11.07,14.67,13,12.61666667,11.33,9.325,12,14,10.33,13,13.75,12.94166667,12.51733333,9.5,12.0625,13.09416667,11.5,11.083252
2011,10,11,14.2,13,13.5,9.713846154,11.5,11.74,12.315,13,10.565,9.36,10.48461538,12.88,10.5,10.495,11.32923077,14.67,13,12.60807692,11.33,9.460384615,12,14,10.33,13,13.75,12.9,12.534,9.5,12.0625,13.40692308,11.5,11.14296131
2011,11,11,14.2,13,13.5,9.771818182,11.5,11.89136364,12.315,13,10.565,9.589090909,10.66818182,12.89863636,10.5,10.55954545,11.62090909,14.67,13,12.635,11.33,9.536818182,12,14,10.33,13,13.75757576,12.9,12.534,9.5,12.0625,13.42,11.5,11.19373755
2011,12,11,14.2,13,13.5,9.901923077,11.5,12.39423077,12.33423077,13,10.59269231,9.64,10.85,12.97692308,10.78846154,10.585,11.57,14.67,13,12.635,11.33,9.617692308,13.04615385,14,10.33,13,13.75,13.09230769,12.66476923,9.5,12.08173077,13.42,11.5,11.29389962
2012,1,11.06538462,14.43307692,13.09615385,13.69230769,10.50807692,11.80769231,13.60269231,12.72589744,13.30769231,11.00576923,9.885384615,11.46153846,13.15461538,11.25,10.75730769,11.59461538,14.67,14,13.55307692,12.09923077,9.713846154,14,14,10.97538462,13.15230769,14.38173077,13.73846154,13.056,10.76923077,12.86692308,13.62846154,11.5,11.81684846
2012,2,11.83,14.79125,13.25,14.25,10.89583333,12,13.57208333,12.73333333,14,11.28375,9.93,11.5,13.5,11.25,11.27541667,11.86,14.67,14,13.7375,12.33,9.71875,14,14.08333333,11.17,13.715,15,14.14166667,13.18266667,11,13.01166667,13.81666667,11.41666667,12.11040925
2012,3,12.33,14.82,13.29166667,14.25,10.9375,12,13.54333333,12.73333333,14,11.315,9.93,11.5,13.5,11.25,11.405,11.86,14.67,14,13.785,12.33,9.745,14,14.5,11.26333333,13.75,15.0825,14.2,13.18266667,11,13.0325,13.83,11.25,12.16425733
2012,4,12.33,14.7975,13.75,14.25,10.94916667,12,13.58875,12.73333333,14,11.55458333,10.04333333,11.5,13.5,11.25,11.415,11.86,14.67,14,13.785,12.33,9.745,14,14.5,11.51416667,13.75,15.0825,14.2,13.20766667,11,13.0325,13.83,11.25,12.18195883
2012,5,12.33,14.775,13.75,14.25,10.98285714,12,13.61,12.8,14,11.815,10.57,11.92307692,13.5,11.25,11.415,11.86,14.67,14,13.785,12.33,9.742307692,14,14.5,11.67,13.79923077,15.0825,14.2,13.40061538,11,13.0325,13.83,11.25,12.14448293
2012,6,12.33,14.775,13.75,14.25,11.00178571,12,13.61,12.8,14,11.80538462,10.57,12,13.5,11.25,11.415,11.86,14.67,14,13.785,12.33,9.748461538,14,14.5,11.67,13.96076923,15.0825,14.2,13.416,10.07692308,13.0325,13.83,11.25,12.15178486
2012,7,12.33,14.78576923,13.75,14.25,11.025,12,13.62269231,12.8,14,11.81961538,10.57,12,13.5,11.42307692,11.47038462,11.86,14.67,14,13.785,12.33,9.825,14,14.5,11.67,14,15.0825,14.2,13.416,10,13.0325,13.83,11.25,12.25824669
2012,8,12.33,14.85785714,13.75,14.25,11.01571429,12,13.71428571,12.8,14,11.815,10.57,12,13.5,11.5,11.73285714,11.86,14.67,14,13.80142857,12.33,9.825,14,14.5,11.67,14,15.0825,14.2,13.416,10,13.0325,13.83,11.26785714,12.28284043
2012,9,12.33,14.87125,13.75,14.25,11.015,12,13.78375,12.8,14,11.815,10.57,12,13.5,11.5,11.745,11.86,14.67,14,13.915,12.33,9.825,14,14.5,11.67,14,15.12145833,14.2,13.416,10,13.07875,13.83,11.25,12.29704158
2012,10,12.33,14.86107143,13.75,14.25,11.015,12,13.775,12.8,14,11.815,10.57,12,13.5,11.5,11.745,11.86,14.67,14,13.915,12.33,9.8875,14,14.5,11.67,14,15.125,14.2,13.416,10,13.125,13.83,11.25,12.29948836
2012,11,12.33,14.92,13.75,14.25,11.015,12,13.775,12.78529412,14,11.84909091,10.81727273,12,13.59090909,11.5,11.745,11.86,14.67,14,13.915,12.33,9.96,14,14.5,11.67,14,15.125,14.2,13.416,10,13.125,13.83,11.25,12.29317742
2012,12,12.33,14.95230769,13.75,14.46153846,11.015,12,13.81423077,12.8,14,11.94,11,12,13.81730769,11.5,11.745,11.86,14.67,14,13.915,12.33,9.96,14,14.5,11.67,14,15.125,14.32307692,13.416,10,13.2125,13.83,11.25,12.32894323
2013,1,12.33,14.93076923,13.78846154,14.5,11.04653846,12.20653846,13.84846154,12.8,14,11.94,11,11.97692308,13.875,11.5,11.745,11.86,14.67,14,13.91923077,12.33,9.96,14,14.5,11.67,14,15.125,14.61538462,13.45830769,10,13.79692308,13.88230769,11.25,12.36961808
2013,2,12.33,14.92,14.25,14.5,11.05,11.835,13.78,12.85454545,14,11.94,11,11.96666667,13.875,11.5,11.745,11.86,14.67,14,13.915,12.33,9.96,14,14.5,11.67,14.04636364,15.125,15,13.566,10,13.845,14,11.25,12.37477536
2013,3,12.33,14.92,14.25,14.5,11.05,11.96318182,13.78,12.85,14,11.95347826,11,11.96666667,13.875,11.5,11.745,11.86,14.67,14.90909091,13.915,12.33,9.814545455,14,14.77272727,11.67,14.17,15.125,15,13.566,10,13.845,14,11.25,12.36838115
2013,4,12.33,14.92,14.25,14.5,11.05,12.085,13.78,12.86666667,14,11.93038462,11,11.98461538,13.875,11.61538462,11.745,11.86,14.67,15,13.94884615,12.33,9.673461538,14,15.25,11.67,14.63153846,15.125,15,13.566,10,13.845,14,11.25,12.398924
2013,5,12.33,14.92,14.25,14.5,11.05,12.32769231,13.78,12.86666667,14,11.94,11,12,13.875,11.73076923,11.75115385,11.86,14.67,15,13.955,12.33,9.557692308,14,15.34615385,11.82384615,14.67,15.16423077,15,13.65061538,10,13.845,14.14384615,11.25,12.41074831
2013,6,12.33,14.92,14.45833333,14.5,11.05,12.415,13.78,12.89722222,14,11.94,11,12,13.875,11.625,11.745,11.86,14.67,15,13.955,12.33,9.555,14,15.5,12.17,14.67,15.1675,15,13.666,10,13.845,14.17,11.25,12.41891817
2013,7,12.33,14.92,14.5,14.5,11.04464286,12.415,13.78,12.87142857,14,11.94,11,12,13.875,11.625,11.745,11.86,14.67,15,13.955,12.33,9.555,14,15.5,12.17,14.67,15.1675,15,13.666,10,13.845,14.17,11.25,12.41644671
2013,8,12.33,14.92,14.5,14.5,11.035,12.415,13.81807692,12.86666667,14,11.94,11,11.98205128,13.875,11.75,11.745,11.94615385,14.67,15,13.955,12.33,9.555,14,15.53846154,12.17,14.67,15.15442308,15,13.73523077,10,13.65769231,14.21923077,11.25,12.41122585
2013,9,12.33,14.91375,14.375,14.5,11.035,12.42208333,13.835,12.86666667,14,11.94,11,11.96666667,13.875,11.75,11.745,12.05833333,14.67,15,13.955,12.33,9.555,14,15.5,12.17,14.67,15.1675,15,13.666,10,13.6275,14.33,11.25,12.40758883
2013,10,12.33,14.92,14.25,14.5,11.035,12.42153846,13.87307692,12.83589744,14,11.94,11,11.96666667,13.875,11.75,11.745,12.11846154,14.67,15,13.95615385,12.33,9.548846154,14,15.5,12.17,14.67,15.18288462,15,13.89723077,10,13.6275,14.46076923,11.25,12.42115862
2013,11,12.33,14.92,14.25,14.5,11.035,12.40833333,13.89,12.83333333,14,11.94,11,11.96666667,13.875,11.75,11.745,12.14,14.67,15,13.96,12.55666667,9.555,14,15.5,12.17,14.67,15.28416667,15,14,10,13.6275,14.64166667,11.25,12.25275921
2013,12,12.33,14.92,14.25,14.5,11.035,12.41083333,13.89,12.82162162,14,11.94,11,11.96666667,13.87166667,11.75,11.745,12.14,14.67,15,13.97,12.67,9.5775,14,15.5,12.17,14.67,15.3325,15,14.02459016,10,13.74208333,14.67,11.25,12.71182036
2014,1,12.30461538,14.92,14.25,14.5,11.035,12.41576923,13.89,12.83846154,14,11.92538462,11.02153846,11.96666667,13.875,11.75,11.745,12.14,14.67,15,13.98153846,12.67,9.609615385,14,15.5,12.17,14.74384615,15.36423077,15,14.03076923,10,13.75961538,14.79307692,11.25,12.45097085
2014,2,12.33,14.92,14.25,14.5,11.035,12.53,13.89,12.83636364,14,11.94,11.14,11.96666667,13.875,11.75,11.745,12.14,14.67,15,14,12.67,9.555,14,15.5,12.17,14.67,15.415,15,14.05,10,13.845,14.83,11.25,12.45959764
2014,3,12.33,14.92,14.25,14.5,11.035,12.5,13.89,12.83333333,14,11.94,11.14,11.96666667,13.875,11.75,11.745,12.14,14.67,15,14,12.5,9.555,14,15.5,12.08666667,14.67,15.415,15,14.05,10,13.84770833,14.83,11.25,12.45719892
2014,4,12.33,14.92,14.25,14.5,11.035,12.5,13.89,12.83333333,14,11.955,11.14,11.96666667,13.875,11.04166667,11.745,12.14,14.67,15,14,12.33,9.555,14,15.5,11.67,14.67,15.415,15,14.05,10,13.838125,14.83,11.25,12.446869
2014,5,12.33,14.92,14.25,14.5,11.035,12.5,13.89,12.83333333,14,12,11.14,11.96666667,13.87,10,11.745,12.14,14.67,15,14,12.33,9.555,14,15.5,11.67,14.67,15.415,15,14.04716667,10,13.72,14.83,11.25,12.43839933
2014,6,12.33,14.92,14.25,14.5,11.03615385,12.5,13.89,12.83333333,14,12,11.14,11.96666667,13.88518519,10,11.745,12.14,14.67,15,14,12.33,9.555,14,15.48148148,11.67,14.67,15.415,15,14.05,10,13.74,14.83,11.25,12.55201279
2014,7,12.33,14.92,14.25,14.5,11.04846154,12.41115385,13.89,12.83333333,14,12,11.14,11.96666667,13.875,10,11.745,12.14,14.67,15,14,12.35615385,9.533461538,14,15.5,11.67,14.67,15.415,15,14.05,10,13.7525,14.83,11.25,12.44201438
2014,8,12.33,14.97074074,14.25,14.5,11.045,12.335,13.86111111,12.82820513,14,11.99076923,11.14,11.9275,13.875,10,11.745,12.14,14.67,15.02357143,14,12.56538462,9.515,14,15.5,11.67,14.67,15.3945283,15,14.05,10,13.7525,14.83,11.25,12.397103
2014,9,12.33,14.92,14.25,14.5,11.045,12.335,13.89,12.81538462,14,11.94,11.14,11.96666667,13.875,10,11.745,12.14,14.67,15.33,14,12.33,9.515,14,15.5,11.67,14.67,15.41769231,15,14.05,10,13.7525,14.83,11.25,12.43933785
2014,10,12.33,14.92,14.25,14.5,11.04571429,12.335,14.0075,12.84047619,14,11.94,11.14,11.96666667,13.875,10,11.745,12.14,14.47571429,15.33,14,12.33,9.515,14,15.5,11.67,14.67,15.415,15,14.05,10,13.7525,14.83,11.25,12.44256879
2014,11,12.33,14.92,14.25,14.5,11.045,12.335,14.055,12.83333333,14,12.00818182,11.14,11.96666667,13.875,10,11.745,12.14,14.33,15.27,14,12.33,9.524545455,14,15.5,11.67,14.67,15.415,15,14.05,10,13.7525,14.83,11.25,12.44431382
2014,12,12.33,14.92,14.25,14.5,11.045,12.34678571,14.055,12.83333333,14,12.065,11.14,11.96666667,13.875,10,11.745,12.14,14.33,15.23571429,14,12.54214286,9.417857143,14,15.5,11.67,14.69285714,15.42714286,15,14.07142857,10,13.75267857,14.83,11.25,12.44443614
2015,1,12.33,14.92,14.25,14.5,11.045,12.335,14.055,12.83333333,14,12.065,11.14,11.96666667,13.875,10,11.745,12.14,14.33,15,14,12.6,9.382692308,14,15.5,11.67,14.88538462,15.58269231,15,14.17692308,10,13.7525,14.83,11.25,12.45419546
2015,2,12.33,14.92,14.25,14.5,11.045,12.335,14.055,12.87333333,14,12.065,11.14,11.96666667,13.98318182,10,11.745,12.14,14.33,15,14,12.9,9.324090909,14,15.33636364,11.67,15,15.625,15,14.2,10,13.7525,14.83,11.25,12.46200518
2015,3,12.33,14.92,14.25,14.5,11.045,12.335,14.055,13,14,12.07541667,11.14,11.96666667,14.24541667,10,11.745,12.14,14.33,15,14,12.94333333,9.489166667,14,15.2,11.67,15,15.625,15,14.2,10,13.7525,14.83,11.25,12.47320883
2015,4,12.275,15.20375,14.25,14.5,11.045,12.48625,14.055,13.03333333,14,12.065,11.14,11.96666667,14.38333333,10,11.745,12.14,14.33,15,14,12.97,9.374583333,14,15.2,11.67,15,15.625,15,14.275,10,13.7425,14.83,11.25,12.488457
2015,5,12,15.275,14.25,14.5,11.045,12.5,14.055,13.03333333,14,12.05416667,11.14,11.96666667,14.525,10,11.7325,12.14,14.33,15,14,12.97,9.306666667,14,15.2,11.67,15,15.7075,15,14.3,10,13.6325,14.83,11.25,12.48175775
2015,6,12,15.275,14.25,14.5,11.045,12.5,14.055,13.03333333,14,11.89423077,11.14,11.96666667,14.525,10,11.745,12.14,14.33,15,14,13.05,9.395,14,15.2,11.67,15,15.7075,15,14.31846154,10,13.69980769,14.83,11.25,12.48480708
2015,7,11.835,15.25,14.25,14.5,11.045,12.46464286,14.055,13.03333333,14,11.87964286,11.14,11.96666667,14.525,10,11.745,12.14,14.33,15,14,13.24,9.432142857,14,15.2,11.67,15,15.74696429,15,14.3,10,13.72,14.83,11.25,12.48595914
2015,8,11.67,15.26961538,14.25,14.5,11.045,12.43653846,14.055,13.03333333,14,11.875,11.14,11.96666667,14.525,10,11.745,12.14,14.33,15,14,13.32153846,9.342692308,14,15.2,11.76846154,15,15.75,15,14.3,10,13.72,14.83,11.25,12.482487
2015,9,11.67,15.275,14.25,14.5,11.045,12.34875,14.055,13.26666667,14,11.875,11.14,11.96666667,14.525,10,11.745,12.14,14.33,15,14,13.3,9.422083333,14,15.2,11.83,15,15.75,15,14.3,10,13.72,14.83,11.25,12.4974105
2015,10,11.67,15.275,14.25,14.5,11.045,12.38576923,14.055,13.26666667,14,11.875,11.14,11.96666667,14.525,10,11.745,12.14,14.33,15,14,13.3,9.443846154,14,15.2,11.83,15,15.82615385,15,14.3,10,13.83538462,14.83,11.25,12.50826008
2015,11,11.67,15.275,14.25,14.5,11.045,12.425,14.055,13.26666667,14,11.875,11.14,11.96666667,14.525,10,11.745,12.14,14.33,15,14,13.3,9.41,14,15.2,11.83,15,15.8325,15,14.35,10,13.9075,14.83,11.25,12.51294373
2015,12,11.67,15.275,14.25,14.5,11.045,12.5,14.055,13.26666667,14,11.875,11.14,11.96666667,14.525,10,11.745,12.14,14.33,15,14,13.3,9.413333333,14,15.2,11.83,15,15.811875,15,14.36083333,10,13.9025,14.83,11.25,12.51410942
2016,1,11.67,15.39375,14.83333333,14.5,11.045,12.56875,14.055,13.37777778,14,11.78708333,11.14,11.96666667,14.525,10,11.745,12.14,14.33,15,14.01458333,13.3,9.426666667,14,15.2,11.83,15,15.798125,15.25,14.41666667,10,13.8975,15.06666667,11.25,12.53172358
2016,2,12.055,15.56,15.25,16.22916667,11.045,13.3325,14.055,13.78333333,14,11.625,11.14,11.96666667,14.6175,10,11.9825,12.14,14.5675,15,13.94875,13.45,9.656666667,14,15.2,11.83,15,16.270625,15.43333333,14.43333333,10,13.58026316,15.59833333,11.25,12.61458967
2016,3,12,15.56,15.25,16.25,11.045,13.5,14.055,13.82121212,14,11.59090909,11.14,11.96666667,14.86818182,10,12.695,12.14,15,15,13.93,13.5,9.710909091,14,15.2,11.83,15,16.75,15.4,14.42727273,10,13.36484848,15.83,11.25,12.69417291
2016,4,12,15.78846154,15.25,16.25,11.045,13.5,14.055,13.83333333,14,11.625,11.14,11.96666667,14.9,10,12.695,12.22076923,15,15,13.93,13.5,9.745,14,15.2,11.86923077,15,16.75,15.4,14.53076923,10,13.33333333,15.83,11.25,12.71657685
2016,5,12,15.83,15.25,16.25,11.045,13.5,14.02076923,13.83333333,14,11.625,11.14,11.96666667,14.9,10.09615385,12.695,12.29,15,15,13.93,13.5,9.745,14,15.2,12,15,16.75,15.4,14.6,10,13.33333333,15.83,11.25,12.72349231
2016,6,12,15.83,15.25,16.25,11.045,13.5,14.055,13.83333333,14,11.625,11.14,12.05365854,14.9,11.55769231,12.695,12.29,15,15,13.93,13.47461538,9.745,14,15.2,12,15,16.75,15.4,14.61106061,10,13.33333333,15.83,11.25,12.82704007
2016,7,12,15.83,15.65384615,16.25,11.045,13.5,14.02269231,13.83333333,14,11.70192308,11.14,11.96666667,14.9,11.67307692,12.695,12.29,15,15,13.93,13.5,9.745,14,15.2,12,15,16.75,15.4,14.6,10,13.33333333,15.83,11.25,12.73429077
2016,8,12,15.83,16,16.25,10.982,13.5,13.98928571,13.83333333,14,11.86607143,11.14,11.96666667,15.13678571,10.07142857,12.695,12.41,15,14.85714286,13.93,13.5,9.830714286,14,15.2,12,15,16.73684211,15.44285714,14.64285714,10,13.33333333,15.83,11.25,12.5066476
2016,9,12,15.85333333,16,16.25,11.045,13.5,13.97,13.81111111,14,11.75,11.14,11.96666667,15.565,10,12.695,12.43,15,14,13.93,13.5,9.945,14,15.2,12,15,16.75,15.6,14.8,10,13.39666667,15.83,11.25,12.74204483
2016,10,12,15.85230769,16,16.25,11.045,13.5,13.97,13.8,14,11.63461538,11.14,12.08974359,15.565,10,12.695,12.43,15,14.30461538,13.93,13.5,9.945,14,15.2,12,15,16.75,15.6,14.8,10,13.46,15.83,11.25,12.75380785
2016,11,12,15.83,16,16.25,11.045,13.5,13.97,13.88181818,14,11.72727273,11.14,12.51212121,15.59227273,10,12.695,12.72818182,15,14.33,13.93,13.48727273,9.945,14,15.2,12,15,16.75,15.6,14.8,10,13.46,15.83,11.25,12.79613918
2016,12,12,15.83,16,16.25,11.045,13.5,14.03961538,13.9025641,14,11.73076923,11.14,12.5,15.625,10,12.695,13,15,14.27923077,13.95153846,13.5,9.994230769,14,15.2,12,15.30461538,16.75,15.6,14.8,10,13.46,15.83,11.25,12.81302515
2017,1,12.15230769,16.10538462,16.92307692,16.94230769,11.365,13.57692308,14.26653846,14.31282051,14.92307692,12.53846154,11.66923077,12.86153846,16.28384615,10,12.78884615,13.63923077,15.02538462,14.53846154,14.69576923,13.69461538,10.13038462,14.09615385,15.59230769,12.30923077,15.88384615,17.6925641,15.6,14.98461538,10,14.08512821,16.65461538,12.21153846,13.17941662
2017,2,12.33,16.60590909,17,17,12.41272727,14,14.22772727,14.76666667,15.45454545,12.80136364,12,14.13636364,16.39954545,10,13.63636364,13.75090909,15,16,14.925,14,10.255,14.25,16.07045455,12.67,16,18.16666667,15.6,15.19218182,10,14.25333333,16.53090909,13.22727273,13.79264809
2017,3,12.33,16.69,17,17,12.515,14,14.33115385,14.96666667,16,13.02884615,12,14.5,16.40961538,10,14,14.08538462,15,16,14.925,14,10.255,14.25,16.075,12.67,16,18.26923077,15.6,15.366,10,14.25333333,16.55076923,13.5,13.89773208
2017,4,12.33,16.69409091,17,17,12.515,14,14.39,14.96666667,16,13.25,12,14.5,16.38863636,10,14,14.16727273,15,16,14.92318182,14,10.255,14.25,16.075,12.67,16,18.33333333,15.6,15.366,10,14.25333333,16.83,13.5,13.90838573
2017,5,12.33,16.72,17,17,12.515,14.00708333,14.39,14.82222222,16,13.25,12,14.5,16.38916667,10,14,14.1525,15,16,14.925,14,10.29666667,14.34916667,16.175,12.67,16,18.33333333,15.6,15.466,10,14.16222222,16.83,13.5,13.91145533
2017,6,12.33,16.78692308,17,17,12.51115385,13.98692308,14.39,14.76666667,16,13.25,12,14.5,16.4,10,14,14.12923077,15,16,14.94192308,14,10.255,14.42,16.225,12.67,16,18.33333333,15.6,15.566,10,14.06,16.83,13.5,13.91650438
2017,7,12.33,16.825,17,17,12.505,14,14.39,14.76666667,16,13.25,12,14.5,16.4,10.30769231,14,14.14,15,16,14.97423077,14,10.255,14.36769231,16.225,12.67,16,18.3325641,15.6,15.566,10,14.04333333,16.83,13.5,13.920503
2017,8,12.33,16.82153846,17,17,12.505,14,14.50423077,14.88974359,16,13.25,12,14.5,16.4,12,14,14.14,15,16,14.98,14,10.255,14.42,16.225,12.91153846,16,18.32923077,15.6,15.566,10,14.04333333,16.83,13.5,13.941384
2017,9,12.33,16.825,17,17,12.505,14,14.555,14.93179487,16,13.25,12.11846154,14.50769231,16.4,12,14,14.14,15,16,14.97538462,14,10.255,14.42,16.225,13.49384615,16,18.33333333,15.56153846,15.566,10,14.04333333,16.83,13.5,13.95475477
2017,10,12.33,16.825,17,17,12.51076923,14,14.59307692,15.32820513,16,13.34615385,12.14,14.5025641,16.4,12,14,14.14,15,16,14.97807692,14,10.255,14.42,16.225,13.5,16,18.33333333,15.78461538,15.566,10.53846154,14.05871795,16.84307692,13.5,13.98061185
2017,11,12.33,16.825,17,17,12.52,14,14.72,15.37833333,16,13.9375,12.14,14.5,16.4,12,14,14.14,15,16,14.98208333,14,10.25708333,14.42,16.225,13.5,16,18.33333333,15.8,15.566,11,14.08333333,17.05666667,13.5,14.00435183
2017,12,12.33,16.825,17,17,12.52,14,14.72,15.38666667,16,14.25,12.14,14.5,16.4,12,14,14.14,15,16,14.98,14,10.255,14.42,16.225,13.5,16,18.33333333,15.8,15.58833333,11,14.08333333,17.25,13.5,14.01186217
2018,1,12.60461538,16.87884615,17.07692308,17,12.52846154,14.11653846,14.74461538,15.49128205,16,14.28846154,12.14,14.5,16.4,12,14,14.12923077,16.02307692,16.34615385,14.99115385,14.51538462,10.35884615,14.42,16.225,13.61230769,16.14076923,18.42923077,15.95384615,15.7,11.07692308,14.1674359,17.44769231,13.5,14.06356885
2018,2,12.78545455,17.18,17,17,12.53,14.58727273,14.695,15.63333333,16,14.38636364,12.14,14.5030303,16.4,12,14,14.15363636,16.33,16.40909091,15.17818182,14.67,10.33545455,14.42,16.225,13.58,16.48454545,18.44666667,16,15.7,11,14.46,17.48454545,13.5,14.11457045
2018,3,12.72818182,17.18,17,17.36363636,12.53,14.88136364,14.695,15.63333333,16,14.375,12.14,14.53030303,16.4,12,14,14.19454545,16.33,16,15.245,14.67,10.315,14.55090909,17.07272727,13.58,16.59272727,18.52666667,16,15.7,11,14.46,17.5,13.5,14.141085
2018,4,12.67,17.18,17,17.5,12.53,14.955,14.695,15.63333333,16,14.375,12.14,14.77692308,16.4,12,14,14.29,16.33,16,15.28653846,14.67,10.315,14.99230769,17.9,13.58,16.97461538,18.55666667,16,15.7,11,14.44384615,17.5,13.5,14.19385108
2018,5,12.67,17.18,17,17.69230769,12.53,14.955,14.695,15.67948718,16,14.375,12.14,14.83333333,16.4,12,14,14.29,16.33,16,15.335,14.67,10.315,15.28230769,17.9,13.58,17,18.55666667,16,15.7,11,14.25,17.5,13.5,14.20379885
2018,6,12.67,17.18,17.30769231,17.75,12.53,14.91076923,14.695,15.7,16,14.375,12.14,14.83333333,16.4,12,14,14.32,16.33,16,15.36730769,14.67,10.315,15.67,17.9,13.58,17,18.55666667,16.16923077,15.7,11,14.25,17.5,13.5,14.21544715
2018,7,12.67,17.18,17.5,17.75,12.53,14.91192308,14.695,15.7,16,14.375,12.14,14.83333333,16.4,12,14,14.43,16.33,16,15.395,14.67,10.59384615,15.67,17.9,13.58,17,18.55666667,16.2,15.7,11,14.25,17.56538462,13.5,14.22639954
2018,8,12.67,17.18,17.5,17.75,12.53,14.86214286,14.695,15.7,16.42857143,14.375,12.14,14.83333333,16.4,12,14,14.43,16.33,16,15.395,14.67,11.04,15.67,17.9,13.985,17,18.55666667,16.22857143,15.81214286,11,14.25,17.67,13.5,14.24862393
2018,9,12.67,17.18,17.83333333,17.75,12.53,15.02583333,14.695,15.7,17,14.375,12.14,14.83333333,16.4,12,14,14.54083333,16.33,16,15.395,14.71166667,11.04,15.67,17.9,14.17,17,18.83444444,16.4,16.14233333,11,14.25,17.585,13.5,14.27815558
2018,10,12.67,17.2975,18,17.75,12.5325,15.04,14.695,15.71,17,14.375,13.11142857,14.83333333,16.4,12,14,14.57,16.33,16,15.395,14.70428571,11.04,15.97642857,17.9,14.17,17,18.89,16.4,16.184,11,14.25,17.5,13.5,14.30644757
2018,11,12.76,17.45227273,18,17.75,12.535,15.04,14.695,15.72,17,14.375,13.5,14.83333333,16.4,12,14,14.57,16.33,16,15.395,14.69909091,11.04,16,17.9,14.17,17.04636364,18.89,16.4,16.384,11,14.25,17.5,13.5,14.32812936
2018,12,12.97461538,17.465,18.13461538,17.75,12.535,15.04,14.695,15.68410256,16.76923077,14.375,13.5,14.83333333,16.4,12,14,14.57,16.33,16,15.395,14.94923077,11.06692308,16,17.9,14.17,17.34769231,18.89,16.4,16.31184615,11,14.25,17.5,13.5,14.40480231
2019,1,12.97461538,17.465,18.38461538,17.75,12.53423077,15.02730769,14.695,15.65333333,16,14.44230769,13.5,14.83333333,16.4,12,14,14.57,16.43461538,17.51307692,15.395,15,11.07,16.05230769,17.9,14.17,17.5,18.89,16.4,16.35292308,11,14.38871795,17.5,13.5,14.35755131
2019,2,13,17.465,19,17.75,12.535,15.025,14.695,16.28969697,16,14.625,13.5,14.83333333,16.4,12,14,14.69727273,16.67,18,15.395,14.97,11.07,16.17,17.92727273,14.17,17.5,18.89,16.45454545,16.384,11,14.31121212,17.60818182,14.86363636,14.39459582
2019,3,13.27916667,17.465,19,17.75,12.67666667,15.64125,15.26583333,16.67555556,16,14.625,13.5,15,16.4,12,14,14.71,16.67,18,15.395,14.89,11.07,16.17,18,14.17,17.5,19.04722222,16.6,16.4215,11,14.25,17.67333333,15,14.499933
2019,4,13.83666667,17.62541667,19,17.75,12.95,15.75,15.53,16.72,16,14.625,13.5,15.16666667,16.56666667,12,14,14.71,16.67,18,15.395,15,11.07,16.17,18,14.19666667,17.5,19.22333333,16.6,16.83816667,11,14.16666667,17.87666667,15,14.6562155
2019,5,14.17,17.72,19,17.75,12.95,15.71153846,15.53,16.68923077,16,14.74038462,14.34615385,15.16666667,16.84230769,12,14,14.71,16.67,18,15.46576923,15,11.07,16.17,18,14.29307692,17.5,19.22333333,16.6,16.884,11,14.16666667,18.71,15,14.70982885
2019,6,14.17,17.78416667,19,17.75,12.95166667,15.52666667,15.53,16.59,16,14.75,14.5,15.25,16.60083333,12,14,14.81,16.67,18,15.625,15,11.03444444,16.17,18,,17.5,19.22333333,,17.19714286,11,14.16666667,18.71,15,14.69311533
2019,7,14.17,18.43857143,19,17.75,12.97357143,15.415,15.53,16.60666667,16.14285714,14.75,14.5,16,16.585,12,14,14.86,16.67,,15.62678571,15,11.07,16.17,18,,17.5,19.03512821,,17.084,11,14.16666667,18.71,15,14.77504029
2019,8,14.17,18.445,19,17.75,12.975,15.415,15.53,16.64,17,14.75,14.5,16,16.585,13.25,14,14.87076923,16.67,17.33,15.625,15,11.06423077,16.17,18,,17.5,19.19769231,,17.09046875,11,14.21,18.71,15,14.72327723
2019,9,14.17,18.445,19,17.75,12.975,15.415,15.53,16.64,17,14.75,14.5,16,16.585,13.25,14,14.93,16.67,17.38583333,15.625,15,11.07,16.17,18,14.75,17.62363636,19.22333333,16.4,17.084,11,14.21,18.855,15,14.75393183
2019,10,14.17,18.43038462,19,17.75,13.12961538,15.415,15.53,16.65435897,17,14.75,14.5,16,16.585,13.21153846,14,14.94076923,16.67,18,15.625,15,11.07,16.17,18,14.77461538,18.16923077,19.22333333,16.4,17.084,11,14.19717949,19.04461538,15,14.84973392
2019,11,14.17,18.35,19,17.75,13.645,15.415,15.53,16.73333333,17,14.75,14.5,16,16.585,13,14,15,16.67,18,15.625,15,11.07,16.17,18,14.955,18.67,19.22333333,16.4,17.084,11,14.12666667,19.29,15,15.03950842
2019,12,14.17,18.35,19,17.75,13.645,15.4575,15.53,16.73333333,17,14.75,14.5,15.57142857,16.585,13,14,15,16.67,18,15.625,15,10.99541667,16.17,18,15.33,18.7525,19.22333333,17,17.17816667,11.20833333,14.07805556,19.43,15,15.05612533
2020,1,14.17,18.35,19.73076923,18.66384615,13.65269231,15.65038462,15.53,16.93846154,17,14.78846154,14.5,15.5,16.98423077,13.01923077,14,15.07615385,16.69538462,18,15.99615385,15.19076923,11.04846154,16.17,18,15.51153846,19,19.22333333,16.89230769,17.67569231,12,14.04333333,19.43,15,15.14402262
2020,2,14.17727273,18.35,20,19.04545455,13.65681818,15.67,15.53,17.06666667,17,15,14.5,15.5,17.085,13,14,15.29,16.67,18.18181818,16.78,15.33727273,11.07,16.25727273,18.05454545,15.92,19,19.36333333,16.8,17.984,12,14.04333333,19.43,15,15.24899173
2020,3,14.25,18.36875,20,19.25,13.66958333,15.71,15.53,17.07666667,17,15,14.5,15.50416667,17.09541667,13,14,15.28333333,16.67,18.58333333,16.89958333,16.08,11.1075,16.33,18.08333333,15.875,19,19.81527778,16.9,17.94233333,12,14.10888889,19.47666667,15,15.28966508
2020,4,14.17,18.39125,20,19,13.85708333,15.75,15.53,17.085,17,15.47916667,14.5,15.5,17.50166667,13,14.33333333,15.325,16.67,18.20833333,16.91166667,16.33,11.27708333,16.33,17.89166667,15.83,19,21.21777778,16.86666667,18.01033333,12,14.51388889,19.33833333,16.83333333,15.45148433
2020,5,14.18454545,18.43636364,20,19,13.855,15.75,15.53,17.08666667,17,15.75,14.5,15.81818182,17.645,13,16,15.5,16.67,18,16.91818182,16.33,11.55363636,16.33,17.84545455,15.83,19,21.31818182,14.61818182,18.09821429,12,14.58333333,19.40363636,17,15.46354333
2020,6,,,,,13.85153846,,,,,,,,,,#¡DIV/0!,,,,#¡DIV/0!,,,,,,,,,,,,,,13.85188246
2020,7,14.17,18.58,20,19,13.84333333,15.75,15.615,,,15.4375,14.5,,17.75,13,16,15.56125,16.79375,,#¡DIV/0!,,,16.33,18,16,19,21.335,,,12,,,17,14.66317317
2020,8,14.27,18.58,20,19,13.78653846,15.75,15.615,16.32133333,,15.75,14.5,16,17.75,13,16,15.57,16.67,18,16.95785714,16.33,11.53357143,16.33,18,15.97571429,19,21.09678571,16.8,18.015625,12,14.92857143,19.45428571,17,15.37250754
2020,9,14.33,18.58,20,19,13.8,15.75,15.615,17.12777778,17,15.75,14.5,16,17.75,14.375,16,15.62833333,16.67,18,16.98,16.33,11.55125,16.415,17.9,16,19,20.22333333,16.8,18.0875,12,14.92361111,19.465,17,15.63754692
2020,10,14.35615385,18.58,20,19,13.8,15.75,15.615,17.46871795,17,15.75,14.57692308,16,17.75,14.5,16,15.71,16.67,18,16.97038462,16.33,11.56,16.65692308,17.9,16,19,20.22333333,16.66153846,18.08846154,12,14.89102564,19.54846154,17,15.656698
2020,11,14.33,18.76136364,20,19,13.79954545,15.75,15.615,17.632,17.40909091,15.75,15,16,17.85636364,14.5,16,15.71,16.67,18,16.98,16.33,11.63090909,16.67,17.9,16,19,20.22333333,16.69090909,18.1,12,14.78030303,19.57,17,15.68314045
2020,12,14.32083333,18.865,20,19,13.79958333,15.75,15.695,17.38970588,17.5,15.75,15,16,18.085,14.5,16,15.71,16.67,18,17.04,16.33,11.62,16.65583333,18.1,16,19,20.22333333,16.05,18.1,12,14.91666667,19.66333333,17,15.56220975
2021,1,14.27666667,19.55333333,20,19,13.80125,15.75333333,15.695,17.35,17.45833333,15.70833333,,16,18.085,14.5,16,15.82,16.67,18,17.04,16.33,11.62,16.67,18.1,16,19,20.82583333,16.53833333,18.09583333,12,14.6,20,17,15.53761867
2021,2,14.33,19.625,20,19,13.80409091,16.04454545,15.92227273,17.33333333,17,15.75,15,,,14.5,16,15.93,16.67,18,17.18833333,16.33,11.62,17,18.1,16,19.45272727,21.13757576,16.8,18.3,12,14.84677419,20,17,15.70107218
2021,3,14.26846154,19.83307692,20.69230769,19.01153846,13.80153846,17.01076923,16.19384615,17.48717949,17,15.75,15.84615385,17.76923077,18.30269231,14.5,16,15.90846154,16.67,18,17.65346154,16.39538462,11.63846154,17,18.70769231,16,19.83,21.5,16.30769231,19,12.61538462,15.08974359,20,17,15.99657969
2021,4,14.33,20.2825,20.66666667,19,14.05708333,17.08208333,16.195,17.78888889,17,16.11458333,16,18,18.84041667,15.41666667,16,16.02333333,16.835,18,17.94291667,16.83333333,11.66,17,18.94166667,16.66666667,19.81666667,21.52833333,17.2,19.3125,13,15.29166667,20,17,16.21503692
2021,5,14.415,20.41875,20.5,19,15.13791667,17.085,16.195,18.13333333,17,16.92708333,16,19.16666667,19.53291667,17.04166667,16,16,17,18,18.33625,17.5,11.925,17.84833333,19.7,17,19.81416667,21.64111111,17.45,19.7,13,15.6875,20.68666667,17,16.77917492
2021,6,14.53923077,21.05923077,20.5,19,16.17,17.085,16.195,18.13333333,18.84615385,17,16,20,20.76769231,17.5,16,16,17.25769231,18,18.37576923,17.5,12.13153846,18.40692308,19.7,17,19.84307692,21.66461538,18.2,19.98461538,13,15.64102564,21,17.53846154,17.26119108
2021,7,14.77230769,21.50615385,21.38461538,19.69230769,16.58192308,18.12153846,17.04115385,18.48410256,19,17.03192308,16,19.92307692,20.96,17.5,16,16.07538462,18.30846154,18.61538462,19.17538462,17.5,12.53230769,18.72461538,19.70769231,17,21.38461538,22.12512821,19.66153846,20.81538462,13,16.3974359,21.26384615,18,17.69138069
2021,8,15.25615385,22.715,22,20,18,18.46730769,17.195,18.76923077,19,17,16,20,21.01153846,17.5,16,16.14,19.33,19.05076923,19.31461538,18.30769231,13.09115385,19.06769231,19.73076923,17.61538462,22,22.86128205,19.8,21.22307692,13,17.64102564,21.38538462,18,18.40410331
2021,9,15.67,22.715,22,20,18,18.53884615,17.195,18.75384615,19,16.94230769,16,20,21.36692308,17.5,16,16.14,19.33,19,19.45115385,19,13.11538462,19.42,19.90769231,19,22,22.86128205,19.8,21.3,12.23076923,17.66666667,21.18615385,18,18.45467062
2021,10,15.67,22.715,22,20,18,18.5,17.195,19.03589744,19,17,16,20,21.60730769,17.5,16,16.14,20.12692308,19,19.62038462,19.02538462,13.21230769,19.75384615,20,19,22,22.86128205,19.8,21.3,13,17.66666667,21.93307692,18,18.51172446
2021,11,16.03,22.73833333,22.08333333,20,18,18.5,17.195,19.26666667,19.16666667,17,16,20,22.94625,17.5,16,16.14,21.3025,19,19.69,19.33,13.24,19.83,20,19,22,22.88666667,19.8,21.3,13,17.88194444,22,18,18.58733017
2021,12,17.83,22.96821429,22.25,20,18,18.57071429,17.195,19.22380952,20,17.03571429,16,20,23.04,17.64285714,16,17.16142857,21.33,20,19.79142857,19.35428571,13.24,20.10928571,21.35714286,19,22,22.88666667,19.8,21.32142857,13.85714286,18.16666667,22,18,18.70675671
2022,1,17.83,23.07,22.25,20,18,18.665,17.195,19.2,20,17.25,16,20,23.04,18,16,17.57,21.33,20,19.81,19.98384615,13.28615385,20.17,21,19,22,23.50205128,19.8,21.37692308,14,18.26923077,22,18,18.72981369
2022,2,17.83,23.07,22.97727273,20,18,18.86363636,17.31863636,19.44242424,22,17.25,16,20,23.01727273,19.63636364,16,17.57,21.33,20.31818182,20.2,20.33,12.94,20.34545455,21,19.03090909,22,23.98969697,20.87272727,21.87727273,14,18.33333333,22.29727273,18,18.82928355
2022,3,17.83,23.1675,23.25,20.875,18.5,19,17.365,20,22,17.22916667,16,20,23.04,20,19.5,17.57,21.33,20.79166667,20.95041667,19.60833333,13.19,20.33,21.25,19.07083333,22,24.15,20.8,22.4,14,18.40972222,22.71416667,18,19.3991055
2022,4,17.83,23.27666667,23.25,21.75,20,19,17.35083333,20.4,22,17,16.25,20.04958333,23.51666667,20,20,19.25083333,22.44666667,21.11,21.00416667,20.23333333,14.0275,20.77666667,22,19.08333333,22,24.22333333,20.8,22.825,14,18.43055556,23.3675,18,20.097771
2022,5,17.83,23.68884615,23.25,21.75,20,19,17.365,20.56666667,22,17,17,20.08576923,24.68038462,20,21.23076923,19.57,22.67,21.33,21.06730769,20.81769231,14.175,21.67,22.43846154,19,22,24.47128205,20.98461538,22.85,14,18.73076923,23.43,18,20.33470362
2022,6,18.87307692,23.89807692,23.25,21.75,20,19,17.365,21.21538462,22,17.88615385,17,20.25769231,25.06346154,20.76923077,22,19.66692308,22.67,21.54846154,21.12,20.92230769,14.13076923,21.67,22.5,19,22,24.55666667,21.2,22.85,14,19.08333333,23.43,18,20.494274
2022,7,19.67,24.2452,23.25,21.78846154,20,19,19.66653846,21.32769231,22,18.67076923,17,20.25,25.4132,21,22,19.76538462,22.67,22,21.105,21.13076923,14.48269231,21.69461538,22.5,19.76923077,22,24.59051282,21.21538462,22.88584615,15.23076923,19.20512821,23.43,18,20.67688485
2022,8,19.88214286,25.09821429,24.625,22,20,19.725,21.09214286,21.33333333,23.07142857,19.58285714,18.57142857,21.03571429,25.595,21,22,20.07,22.81142857,22,21.94678571,21.17,14.56678571,21.83,23.39285714,21,23,25.72119048,22.31428571,23.841,16,20.10714286,24.05214286,18.78571429,21.13118857
2022,9,20,25.75,25,22,20.0025,20.37416667,22.1325,21.91666667,26,20.69,19,21.4375,26.33166667,22.66666667,22.33,20.07,23.7225,22.41666667,22.6975,21.17,14.95208333,22.12583333,24,21,25.02833333,26.72138889,22.4,24.566,16,20.45833333,24.89416667,19,21.53028683
2022,10,20.61384615,26.43653846,25,22,20.015,20.53846154,22.71961538,22.33333333,26,21.92461538,19,21.82076923,27.165,23,22.94423077,20.78384615,25.33,22.60307692,22.86730769,21.19538462,15.27,22.5,24,21,25,27.18025641,22.43076923,24.75830769,16,21.09615385,25.63692308,19.92307692,21.82757938
2022,11,21.33,27.055,25,22.36363636,20.015,20,22.93454545,22.33333333,26,22.76136364,19,21.97772727,27.19545455,23,23.80454545,21.39727273,25.45181818,23.17,23.005,21.74363636,15.5,22.5,24,21,25,27.13060606,22.6,24.69781818,16,20.70454545,25.86,20,21.98786236
2022,12,21.33,27.21307692,25,23.23076923,20.01269231,20.61538462,22.945,22.94871795,26,22.85576923,19,22.34,27.165,23,24.02384615,21.43,26,23.31769231,23,22.15692308,15.5,22.51923077,24,21,25,27.11,22.6,24.716,16,20.58333333,25.86,20,22.06271615
2023,1,21.33,27.57269231,25,23.84615385,19.99,21,22.945,23.33333333,26,22.875,19,22.52576923,27.165,23,24.15423077,21.57,26,23.33,23.00192308,22.17,15.5,23.10076923,24,21,25,27.11,22.6,25.63907692,16,20.57051282,25.86,20,22.15656277
2023,2,21.33,27.71863636,25,24,20.03909091,21,22.945,23.33333333,26,22.875,18.97363636,22.955,27.165,23,24.215,21.71,26,23.33,23.00227273,22.17,15.5,23.33,24,21,25,27.11,22.6,25.716,16,20.58333333,25.86,20,22.19897318
2023,3,21.33,27.88807692,26.38461538,24,20.07884615,21.88423077,24.01692308,24.05128205,26,22.89423077,19,23,27.165,23,24.21307692,21.71,26,23.33,23.16576923,22.17,15.5,23.56538462,24.46153846,21.38461538,25.51153846,27.54307692,22.6,26.31138462,16.07692308,20.98076923,26.93538462,20,22.39647877
2023,4,21.33,27.99227273,27,24,20.085,22.5,24.61,25.33333333,26,23.93181818,19.31272727,23,27.165,23,24.215,21.71,26,23.67,23.40181818,22.39454545,15.5,23.7,25,22,26,27.83333333,22.6,26.816,17,21.65151515,27.59727273,20.45454545,22.59395527
2023,5,21.33,27.9275,27,24,20.07708333,22.5,24.58708333,25.33333333,26,23.875,19.43,23,27.165,23,24.215,21.71,26,23.67,23.7725,23.0275,15.5,24,25.08333333,22,26,28.75,22.6,26.80766667,17,21.86805556,27.59333333,21,22.63923183
2023,6,21.74230769,27.89,27,24,20.07,22.5,24.57461538,25.33333333,26,23.99038462,19.43,22.99384615,27.26807692,23,24.48730769,21.71,26,23.67,24.09307692,22.67,15.5,24,26,22,26,28.90634146,22.6,26.72292308,17,21.82692308,27.64,21,22.69721723
2023,7,22,27.89,27,24.46153846,20.02115385,22.5,24.77538462,25.33333333,26,24,19.43,22.89769231,27.5,23,24.63923077,21.71,26,23.61769231,24.34730769,22.67,15.5,24.01307692,26,22,26,29.2075,22.6,26.98907692,17,22.58333333,27.64,21,22.78324246
2023,8,22,27.89576923,27,25,20.055,22.5,24.86,25.33333333,26,24,19.43,22.99192308,27.5,23,24.74423077,21.81384615,26,23.67,24.56538462,22.64384615,15.49423077,24.03846154,26,22,26,29.2075,22.6,27.016,17,22.75,27.64,21,22.83502985
2023,9,21.82230769,28.07269231,27,25.53846154,20.04692308,22.5,24.69269231,25.33333333,26,24.11538462,19.43,22.88461538,27.5,23,24.75461538,21.86,26,23.92384615,24.67076923,22.53615385,17.07461538,24.01307692,26,22,26,29.2075,22.6,27.01984615,17,22.75,27.80923077,21,22.90447262
2023,10,21.67,28.105,27,26,20.06384615,22.5,24.665,25.28205128,26,24,19.43,23,27.5,23,24.74307692,21.90307692,26,24,24.71615385,22.56076923,17.37576923,24.07692308,26,22,26,29.2075,22.6,27.016,17,22.75,27.86,21,22.91917538
2023,11,21.67,28.1875,27,26,20.09625,22.5,24.665,25.05555556,26,24,19.43,22.45916667,27.5,23,24.75,22,26,24,24.7925,22.33,17.36333333,24,26,22,26,29.2625,22.6,27.016,17,22.76388889,27.86,21,22.92104233
2023,12,21.67,28.195,27,26,20.10958333,22.5,24.665,25.11111111,26,24,19.43,22.71416667,27.59375,23,24.75291667,22,26,24,24.82458333,22.33,16.67083333,24,26,22,26,29.39333333,22.6,27.016,17,22.73611111,27.86,21,22.92588142
2024,1,21.67,28.14653846,27,26,20.07846154,22.96153846,24.64230769,25.30769231,26,24.07692308,19.43,22.7716,27.5,23,24.75269231,22,26,24,24.835,22.74615385,16.63461538,24,26,22,26,29.4975,22.6,27.23907692,17,22.66666667,27.86,21,22.94242015
2024,2,21.67,28.15,27,26,20.03727273,23,24.695,25.90909091,26,24.5,19.43,22.66181818,27.51136364,23,24.75318182,22,26,24,24.87136364,22.67,17.07,24.10818182,26.18181818,22,26,29.50136364,22.6,27.366,17,22.44242424,27.86,21,22.97552009
2024,3,21.54636364,28.15,27,26,19.99818182,23,24.74,25.96666667,26,24.5,19.43,22.5,27.625,23,24.75,22,26,24,24.885,22.67,17.16636364,24.17,26.5,22,26,29.54,22.6,27.366,17,22.20060606,27.86,21.36363636,22.97666991
2024,4,21.67,28.19153846,27,26,20.04307692,23,24.86,25.96666667,26,24.5,19.43,22.5,27.75,23,24.75730769,22.02153846,26,24,24.885,22.94846154,17.21461538,24.18230769,26.49230769,22,26,29.54,22.6,27.366,17.38461538,22.39,27.86,22,23.01777177
2024,5,21.33,28.24,27,26,20.13333333,23,24.87375,25.96666667,26.5,24.5,19.43,22.5,27.6875,23,24.74041667,22.14,26,24,24.885,22.73666667,17.05,24.46083333,26.5,22,26,29.54,22.6,27.366,18,22.33444444,27.86,22,23.04566442
2024,6,21.33,28.24,27,26,20.08083333,23,24.87416667,25.96666667,28,24.5,19.43,22.5,27.75,23,24.78833333,22.1525,26,24,24.885,22.71,16.85,24.72333333,26.5,22,26.0275,29.53645833,22.6,27.366,17.25,22.52194444,27.86,22,23.03953508
2024,7,21.33,28.47142857,27,26,20.08464286,23,24.86,26.02380952,28,24.5,19.43,22.51178571,27.75464286,23.03571429,24.84392857,22.29,26,24,24.885,22.83,16.86857143,24.76142857,26.5,22,26.39071429,29.54,23.65714286,27.366,17,22.65571429,27.86,22,23.08823243
2024,8,21.33,28.54461538,27,26,20.09269231,23,24.85538462,26.4025641,28,24.5,19.43,22.5,27.75,23.11538462,24.835,22.29,26,24,24.885,22.83,16.83923077,24.79461538,26.5,22.84615385,26.35615385,29.55288462,24.2,27.37107692,17.61538462,23.21051282,27.86,22,23.13928492
2024,9,21.33,28.56,27,26,20.08166667,23,24.91041667,26.43333333,28,24.5,19.43,22.5,27.73958333,23,24.83208333,22.34833333,26,24,24.885,22.83,16.73833333,24.905,26.5,23,26.33,29.61104167,24.2,27.432,17.08333333,23.16083333,27.86,22,23.14032975
2024,10,21.33,28.56,27,26,20.065,23,24.86,26.51538462,28,24.5,19.43,22.5,27.75,23,24.82961538,22.43,26,24,24.885,22.83,16.61461538,24.89230769,26.92307692,23,26.35615385,29.7075,24.2,27.40892308,17,23.42205128,27.92461538,22,23.14678362
2024,11,21.33,28.56,27,26,20.09375,23,24.86,26.54166667,28,24.5,19.43,22.5,27.75,23,24.835,22.43,26,24.83333333,24.885,22.83,16.62166667,24.83,26.75,23.91666667,26.35833333,29.7075,24.2,27.332,17,23.50111111,27.88333333,22,23.16884467
2024,12,21.33,28.5725,27,26,20.04625,23,24.86,26.63333333,28,24.5,19.43,22.5,27.75,23,24.83916667,22.43,26,26,24.885,22.82166667,16.59,24.98666667,26.7,24,26.40083333,29.79083333,24.2,27.332,17,23.40388889,27.90666667,22,23.16783383
2025,1,21.33,28.95576923,27,26,20.00884615,23,24.92769231,26.63333333,28,24.5,19.43,22.5,27.75,23,24.83538462,22.39769231,26,26,24.92961538,22.83,16.52692308,24.98076923,27.16923077,24,26.56230769,30.06,24.2,27.29738462,17,23.11820513,28.14,22,23.18863992
2025,2,21.93909091,29.10409091,27,26.40909091,19.985,23,25.05363636,26.63333333,28,24.5,19.43,22.5,27.75,23.22727273,24.77727273,22.43,26,26,25.03045455,23.10454545,16.49727273,24.95454545,27.5,24,27,30.375,24.2,26.95472727,17,22.06060606,28.14,22,23.18643318
2025,3,22,29.2236,27,26.75,20.59076923,23,25.1675,26.63333333,29,24.6,19.43,22.5,27.75,23.5,25.30666667,22.43,26,26,25.04,23.67,16.655,24.90083333,27.48,24,27,30.34313725,24.2,27.22048387,17,21.9527027,28.14,22.03846154,23.34322092
2025,4,22,29.675,27,26.75,20.94,23,25.195,26.64444444,30,24.5,19.7525,24.02625,27.75,23.5,25.57416667,22.43,26,26,25.045,23.67,16.56,25.27666667,27.5,24,27,30.35416667,24.2,27.38483333,17,22.18055556,28.23666667,22,23.68435417
2025,5,22,29.69,27,26.75,20.89625,23,25.195,26.63333333,30,24.39583333,19.86,24.165,27.75,23.5,25.55625,22.43,26,26,25.04708333,23.65583333,17.00916667,25.23666667,27.5,24,27,30.25,24.2,27.87433333,17,22.31027778,28.43,22,23.70396125
2025,6,22,29.765,27,26.86538462,20.91461538,23,25.16923077,26.63333333,30,24.25,19.86,24.165,27.75,23.5,25.57192308,22.43,26,26,25.095,23.67,17.09692308,25.19538462,27.5,24,27,30.25,24.2,27.916,17,22.44871795,28.43,22,23.72344423
2025,7,22,29.765,27,28.25,20.925,23,25.02961538,27.33333333,30,24.25,20.20153846,24.165,27.75,23.5,25.57,22.43,26,26,25.09269231,23.67,17.01038462,25.5,27.5,24,27,30.25634615,24.30769231,28.016,17,22.48717949,28.43,22.5,23.77196531
2025,8,22,29.765,27,28.25,20.915,23,25.03,27.33333333,30,24.25,20.29,24.165,27.75,23.5,25.57192308,22.43,26,26,25.09307692,23.90923077,17.09346154,25.53692308,27.5,24,27,30.25961538,24.4,28.02630769,17,22.53205128,28.43,22.46153846,23.775698
2025,9,22,29.79961538,27,28.25,20.905,23,25.03,27.33333333,30,24.25,20.29,24.165,27.73730769,23.5,25.57,22.43,26,26,25.10230769,23.83,17.20615385,25.62538462,27.5,24,27,30.46153846,24.35384615,28.15,17,22.25,28.27,22.5,23.78014008
2025,10,22,29.845,27,28.25,20.91785714,23,25.03,27.33333333,30,24.25,20.31,24.165,27.75,23.5,25.62142857,22.43,26,26,25.08678571,23.98785714,17.20535714,26.12,27.5,24.97571429,27,30.5,24.2,28.11785714,17,21.81547619,28.17,22.5,23.79689807
2025,11,22,30.03772727,27,28.25,20.86,23,25.02363636,27.33333333,30,24.25,20.29,24.165,27.74681818,23.5,25.63954545,22.43,26,26,25.085,24,17.18590909,26.17,27.5,25,27,30.56954545,24.2,28.1,17,21.4469697,28.17,22.5,23.77591818
2025,12,22,30.08285714,27,28.25,20.87285714,23,25.02392857,27.33333333,30,24.25,20.29,24.165,27.75,23.5,25.6525,22.43,26,26,25.085,24,17.0925,26.37928571,27.5,25,27,30.585,24.3,28.08571429,17.07142857,21.44047619,28.17,22.5,23.786114
2026,1,22,30.16,27,28.25,21.14538462,23,25.03,27.33333333,30,24.25,20.29,23.35807692,28.14846154,23.5,25.74692308,22.43,26,26,25.085,24,17.13692308,26.5,27.5,25,27,31.04538462,24.6,28.12307692,18,21.70538462,28.17,22.5,23.90562315
2026,2,22,30.44136364,27,28.25,21.39727273,23,25.19409091,27.33333333,30,24.25,20.29,22.5,28.335,23.63636364,26.01954545,22.43,26.12181818,30,25.085,24.45545455,17.095,26.53090909,27.66363636,24.98454545,27,31.2075,24.30909091,28.15,17.27272727,21.31606061,28.17,22.5,24.04479845
2026,3,22,30.41458333,27,28.25,21.48291667,23,25.28916667,27.33333333,30,24.25,20.29,22.5,28.30708333,23.125,26.26083333,22.43,26.67,30,25.085,24.5,17.10333333,26.61166667,27.86666667,25,27,31.23875,24.2,28.29583333,17,21.47305556,28.17,22.5,24.119832
2026,4,22.165,30.71,27,28.25,21.51375,22.96,25.52666667,27.4,30,24.25,20.2025,22.75,28.335,23,26.265,22.60538462,26.67,30,25.58625,24.5,17.15583333,26.80416667,28.31666667,25,27.64230769,31.32895833,24.7,28.59016393,17,22.18918919,28.17,22.5,24.34575377
2026,5,22.33,30.8775,27,28.25,21.5645,23,25.7295,27.6,30,24.25,20.14,23,28.885,23,26.265,23,26.67,30,26.8145,24.5,17.056,26.847,28.92,25,28.67,31.44125,25.2,28.77745098,16.5,22.85833333,28.17,22.5,25.01930045
